id,Markdown data to construct field,narrative,Active,Role,Religious practice or teaching,Figures,Monasteries,Figure name,Monastery name,Formula
1,"[""[Sangpu](mon_11)|Student|Prasangika Madhyamaka, Miktsema prayer|He learned Sakya and Kadampa teachings from the Sakya master Rendawa Zhonnu Lodro."", ""[Sera Me](mon_1)|Founder (of Sera Monastery)|Geluk scholasticism|It was founded by Tsongkhapa's disciple Shakya Yeshe, who had been sent to the Ming court of Yongle in Tsongkhapa's stead and received offerings to found this monastery"", ""[Ganden](mon_8)|founder and throne-holder|Uma Gongpa Rabsel (Elucidation of the Thought)|He founded this monastery in 1410, naming it after the Pure Land of Maitreya. He had temples and three dimensional mandalas constructed for the tantric deities Guhyasamaja, Vajrabhairava, and Cakrasamvara. He is usually considered the first Ganden Tripa (or Throne holder), a position that became an important leadership role in the Geluk tradition. After appointing Gyelstabje as his successor, he died at Ganden and his body was entombed  inside a jeweled stupa there.""]",Tsongkhapa learned Sakya and Kadampa teachings from the Sakya master Rendawa Zhonnu Lodro.,False,Student,"Prasangika Madhyamaka, Miktsema prayer",tm.fig.1,tm.mon.11,Tsongkhapa Lobzang Drakpa,Sangpu,"""[Tsongkhapa Lobzang Drakpa](tm.fig.1)|[Sangpu](tm.mon.11)|Student|Prasangika Madhyamaka, Miktsema prayer|Tsongkhapa learned Sakya and Kadampa teachings from the Sakya master Rendawa Zhonnu Lodro."""
2,"[""[Chakpori](mon_14)|military advisor|none|Before Chakpori became the Geluk medical college, it was the site of a battle that the Tsang king, ally and patron of the Karmapa, lost to the Mongols allied with U forces. The Karmapa may or may not have been present with the army"", ""[Tsurphu](mon_12)|Student, throne holder|Kagyu teachings|The Karmapa entered Tsurphu, head monastery of the Karma Kagyu tradition, in 1615, shortly after the death of the Gyeltsab (the leader in between Karmapas). He was ordained and educated by the Third Pawo. His teachings included \""various Buddhist scriptures from the Kangyur and Tengyur, including the Avata\u1e41saka, Ratnak\u016b\u1e6da, Vinaya, Praj\u00f1\u0101p\u0101ramit\u0101, and various other sutras and tantras, as well as the life stories of saints, religious histories, poetics, and the collected writings of former Karmapas, Zhamars, and other masters\"". He returned to Tsurphu for ful ordination by Pawo, Zhamar and Situ lamas in 1624. After the Zhamar lama died he accompanied his remains back to Tsurphu and had a reliquary constructed. He took up residence  in Tsurphu again supervising the construction of the temple and going on retreat. He generally was resident in Tsurphu through the Tibetan Civil War although he left at times for pilgrimage. AFter the victory of Geluk forces, he went into exile, but was allowed to return to Tsurphu at the end of his life in 1674, and some surrounding estates were restored to him. He did not return alive, but his remains were installed int he monastery after his death""]","Before Chakpori became the Geluk medical college, it was the site of a battle that the Tsang king, ally and patron of the Karmapa, lost to the Mongols and the allied forces of U. The Karmapa may or may not have been present with the army.",False,military advisor,none,tm.fig.2,tm.mon.14,"""Tenth Karmapa, Choying Dorje""",Chakpori,"""[Tenth Karmapa, Choying Dorje](tm.fig.2)|[Chakpori](tm.mon.14)|military advisor|none|Before Chakpori became the Geluk medical college, it was the site of a battle that the Tsang king, ally and patron of the Karmapa, lost to the Mongols and the allied forces of U. The Karmapa may or may not have been present with the army."""
3,"[""[Dzogchen](mon_7)|Student, hermit|Guhyagarbha Tantra|He studied with Dzogchen Khenpo Pema Vajra, and spent the end of his life in a hermit near Dzogchen monastery  at Ju."", ""[Ganden](mon_8)|Visitor|Geluk philosophy and debate|He stayed for a month during a pilgrimage to Lhasa in 1861. He learned about Geluk scholarship and educational practices, as well as their tradition of debate. He would later introduce debate into Nyingma studies"", ""[Shechen](mon_15)|Student|nan|Mipham's initial monastery when he ordained as a novice was Shechen's branch monastery Jumohor Sangnga Choling. He also taught the Fifth Rabjam lama of Shechen. One of Mipham's reincarnations was also recognized at Shcehn.""]",Mipham studied with Dzogchen Khenpo Pema Vajra and spent the end of his life in a hermit near Dzogchen monastery at Ju.,False,"Student, hermit",Guhyagarbha Tantra,tm.fig.3,tm.mon.7,Mipham,Dzogchen,"""[Mipham](tm.fig.3)|[Dzogchen](tm.mon.7)|Student, hermit|Guhyagarbha Tantra|Mipham studied with Dzogchen Khenpo Pema Vajra and spent the end of his life in a hermit near Dzogchen monastery at Ju."""
4,"[""[Sangpu](mon_11)|Student|Kadampa tradition|Sakya Pandita studied under Shuton Dorje Kyab"", ""[Sakya](mon_13)|Throne holder|Sakya teachings, the Five Sciences, Indo-Tibetan philosophy|He inherited this head monastery of the Sakya tradition by being part of the Khon family. He studied under his uncle Drakpa Gyelsten, his predecessor throne holder, and others. He was especially interested in Indian Sanskritic and philosophical learning. He introduced the five major and five minor sciences into Tibetan learning, and wrote influential philosophical treatises defending Sakya views against Kagyu and Nyingma views. He wrote works such as the Treasury of Epistemology, the Clear Differentiation of the Three Vows, Clarifying the Sage's Intentions, the Treasury of Aphoristic Jewels, and Entrance Gate for the Wise. He also began forming ties with the Mongol rulers, which would eventually elevate the Sakya into the temporal rulers of Tibet as vassals of the Yuan dynasty.""]",Sakya Pandita studied under Shuton Dorje Kyab.,False,Student,Kadampa tradition,tm.fig.4,tm.mon.11,Sakya Pandita,Sangpu,[Sakya Pandita](tm.fig.4)|[Sangpu](tm.mon.11)|Student|Kadampa tradition|Sakya Pandita studied under Shuton Dorje Kyab.
5,"[""[Ganden](mon_8)|Throne holder|Geluk teachings|He became the third throne holder of Ganden Monastery in 1431, succeeding Tsongkhapa and Gyeltsabje. He taught and granted initiations until his death in 1438"", ""[Changra](mon_16)|Abbot|Geluk sutra and tantra teachings|After meeting initially with Tsongkhapa in 1407, Khedrupje assumed the abbacy of this Kadampa monastery (located within his home region of Tsang), and converted it to Geluk in 1413"", ""[Sera Me](mon_1)|Student|Geluk sutra and tantra teachings|He took teachings from Tsongkhapa at a retreat near Sera Monastery in 1407""]","Khedrupje became the third throne holder of Ganden Monastery in 1431, succeeding Tsongkhapa and Gyeltsabje. He taught and granted initiations until his death in 1438.",False,Throne holder,Geluk teachings,tm.fig.5,tm.mon.8,Khedrupje,Ganden,"""[Khedrupje](tm.fig.5)|[Ganden](tm.mon.8)|Throne holder|Geluk teachings|Khedrupje became the third throne holder of Ganden Monastery in 1431, succeeding Tsongkhapa and Gyeltsabje. He taught and granted initiations until his death in 1438."""
6,"[""[Pelpung](mon_17)|Student|Five Treatises, Rime|He was sent by the local chieftain Tsepel to the monastery in 1833. He did a second ordination encouraged by Wongen Tulku, under the Tai Situ Lama. (this was done for sectarian reasons, as Nyingma and Karma Kagyu had different). He received the ordination name Yonten Gyatso, and later recognized as the Kongtrul tulku. He was patronized by local noble families and performed rituals for them.\nIn 1840 he was visited by Jamyang Kyenste Wangpo, another important lama of the Rime tradition. He also gave tantric vows to the famous Nyingma terton Chokgyur Lingpa in 1853. He edited the Five Treatises, on tantric, doctrinal and meditative teachings. During the Nyarong war, he negotiated for the warring armies to spare Pelpung monastery, he subsequently got into political trouble with lamas and ended up in exile from 1874 to 1886, before returnings."", ""[Shechen](mon_15)|Student|Nyingma teachings|He was sent to Shechen (a Nyingma monastery) after a lama noticed his great learning in Bon. There he studied under Shechen Wontrul Gyurme Tutob Namgyel was ordained in 1832. Later on he taught Shechen lamas and a Shechen lama was recognized as one of his incarnations."", ""[Tsadra Rinchen Drak](mon_18)|Founder, hermit/retreatant|Five Treasureies, Jamgon Kongtrul's retreat manual|IN 1843 Jamgon Kongtrul founded this hermitage near Pelpung, repairing buildings and doing an initial personal retreat. In 1857 he consecrated it as one of the 25 Great Places of Kham and then began a regular series of three-year retreats starting in 1861, using his own retreat manual""]","Jamgön Kongtrul Lodrö Thayé was sent by the local chieftain Tsepel to the monastery in 1833. With the encouragement of Wongen Tulku, he underwent a second ordination here under the Tai Situ Lama. (This was done for sectarian reasons, as Nyingma and Karma Kagyu had different ordination traditions). He received the ordination name Yonten Gyatso, and later recognized as the Kongtrul tulku. Jamgön Kongtrul was patronized by local noble families and performed rituals for them.\nIn 1840 he was visited by Jamyang Kyenste Wangpo, another important lama of the Rime tradition. He also gave tantric vows to the famous Nyingma tertön Chokgyur Lingpa in 1853. He edited the Five Treatises, which contain tantric, doctrinal and meditative teachings. During the Nyarong war, he negotiated for the warring armies to spare Pelpung monastery. He subsequently got into political trouble with local lamas and was sent into exile from 1874 to 1886, before returning later in life.",False,Student,"Five Treatises, Rime",tm.fig.6,tm.mon.17,Jamgön Kongtrul Lodrö Thayé,Pelpung,"""[Jamgön Kongtrul Lodrö Thayé](tm.fig.6)|[Pelpung](tm.mon.17)|Student|Five Treatises, Rime|Jamgön Kongtrul Lodrö Thayé was sent by the local chieftain Tsepel to the monastery in 1833. With the encouragement of Wongen Tulku, he underwent a second ordination here under the Tai Situ Lama. (This was done for sectarian reasons, as Nyingma and Karma Kagyu had different ordination traditions). He received the ordination name Yonten Gyatso, and later recognized as the Kongtrul tulku. Jamgön Kongtrul was patronized by local noble families and performed rituals for them.\\nIn 1840 he was visited by Jamyang Kyenste Wangpo, another important lama of the Rime tradition. He also gave tantric vows to the famous Nyingma tertön Chokgyur Lingpa in 1853. He edited the Five Treatises, which contain tantric, doctrinal and meditative teachings. During the Nyarong war, he negotiated for the warring armies to spare Pelpung monastery. He subsequently got into political trouble with local lamas and was sent into exile from 1874 to 1886, before returning later in life."""
7,"[""[Tsering Jong](mon_21)|preacher, founder of hermitage, abbot|Longchen Nyingtik|He founded the hermitage Chonggye (later using it for his own retreats) and transmitted the Longchen Nyingtik. It served as his personal seat until his death in 1798"", ""[Samye](mon_20)|Retreatant, patron|Yonten Dzod|He went on a three year retreat 1759-1762 in the Chimpu caves (specifically Upper and Lower Nyang), during which he had visions of the Nyingma master Longchenpa and is believed to have received blessings and terma teachings. He also sponsored a project to restore the monastery, and in 1788 held an audience with the royal family of"", ""[Pelri Osel Tekchenling](mon_19)|Student, retreatant|Mahamudra, Yeshe Tongdrol, Longchen Nyingtik|He was enrolled in this Nyingma monastery at the age of six, although he was not said to be a good student initially. He studied under Tukchok Dorje and received transmissions such as Mahamudra and the Yeshe Tongdrol of Tennyi Lingpa. He went on a retreat from 1757 to 1760, in which he is said to have received a \""mind treasure\"" of the Longchen Nyingtik treasure.""]","Jigme LIngpa founded the hermitage Chonggye and transmitted the Longchen Nyingtik. It served as his personal seat until his death in 1798, and he used it for his retreats.",False,"preacher, founder of hermitage, abbot",Longchen Nyingtik,tm.fig.7,tm.mon.21,Jigme Lingpa,Tsering Jong,"""[Jigme Lingpa](tm.fig.7)|[Tsering Jong](tm.mon.21)|preacher, founder of hermitage, abbot|Longchen Nyingtik|Jigme LIngpa founded the hermitage Chonggye and transmitted the Longchen Nyingtik. It served as his personal seat until his death in 1798, and he used it for his retreats."""
8,"[""[Tanak Serling](mon_24)|Founder|Madhayamaka works and other teachings|He founded the monastery in 1466 and was based there for several years afterward, writing various works and receiving patronage from the Rinpungpa rulers. He returned there at the end of his life."", ""[Nalendra](mon_22)|Student|Sakya teachings|He went to Nalendra at age nineteen and took teachings from Rongton Sheja Kunrik"", ""[Ngor](mon_23)|Student|Lamdre, Madhyamaka philosophy|He took tantric teachings from Ngorchen Kunga Zangpo, and other teachings from Muchen Konchok Zangpo and Gungru Sherab Zangpo (who taught philosophy)""]","Gorampa founded the monastery in 1466 and was based there for several years afterward, writing various works and receiving patronage from the Rinpungpa rulers. He returned there at the end of his life.",False,Founder,Madhayamaka works and other teachings,tm.fig.8,tm.mon.24,Gorampa,Tanak Serling,"""[Gorampa](tm.fig.8)|[Tanak Serling](tm.mon.24)|Founder|Madhayamaka works and other teachings|Gorampa founded the monastery in 1466 and was based there for several years afterward, writing various works and receiving patronage from the Rinpungpa rulers. He returned there at the end of his life."""
9,"[""[Chone](mon_26)|Student|none|Chone is where Ngawang Tsultrim was initially ordained as a novice and where he underwent the first stages of the monastic curriculum."", ""[Sera Me](mon_1)|Resident lama, patron, student|the Geluk curriculum|Sera Me was Ngawang Ts\u00fcltrim's home monastery, where he enrolled in 1745 and eventually attained a Geshe Lharampa degree. He entered because his local monastery of Chone had strong ties to Sera Me. he was especially devoted to patronizing Sera Me when he served as regent, sponsoring statues and housing for monks and funding for rituals (or simply coming for a visit). He was posthumously recognized as the Tshemonling lama and Sera Me became the home of this incarnation's labrang (estate). His biography was written by abbots of Sera Me"", ""[Yonghe Gong](mon_25)|Disciplinarian, preacher, imperial preceptor|Tsongkhapa's Lamrim, Guhyasamaja, Vajrabhairava, Chakrasamvara|From 1763 to 1777 he served as chief disciplinarian and preacher under the imperial preceptor Changkya Rolpe Dorje and the Qianlong emperor. In addition to teaching the monks he performed long life ceremonies for the emperor. During his own appointment as imperial preceptor or \""lama of the seal\"", he continued his role as preacher and tantric master, and also worked on a Manchu version of the Kangyur. The temple was the site of audiences between Ngawang Ts\u00fcltrim and the emperor which were opportunities for religious teaching and diplomacy between Tibet and the imperial throne.""]",Choné is where Ngawang Tsultrim was initially ordained as a novice and where he underwent the first stages of the monastic curriculum.,False,Student,none,tm.fig.9,tm.mon.26,Ngawang Tsültrim,Chone,[Ngawang Tsültrim](tm.fig.9)|[Chone](tm.mon.26)|Student|none|Choné is where Ngawang Tsultrim was initially ordained as a novice and where he underwent the first stages of the monastic curriculum.
10,"[""[Sangpu](mon_11)|Student|Kadmpa tradition, Pram\u0101\u1e47a, Praj\u00f1\u0101p\u0101ramit\u0101, Madhyamaka, Abhidharmako\u015ba, and Vinaya|He went through the standard monastic curriculum under abbot Shakya Zhonnu, in the early 14th century"", ""[Tsurphu](mon_12)|Student, Patron|Kalacakra, Chod|At a young age, inspired by a vision, he went to the monastery received teachings on Kalachakra and Ch\u00f6 from Sherab Pel, Nyenre Gendun Bum, Namtsowa Mikyo Dorje. He had new temple constructed with a gilded roof and secured an imperial tax exemption."", ""[Tsel Gungtang](mon_27)|Patron and overseer|Tselpa Kagyu|He was the teacher of the monastery's abbot Kunga Dorje and secrued from the emperor titles from him. As Karmapa he tried to maintain good relations between the Tselpa Kagyu school based here, and his own Karma Kagyu school""]","The Third Karmapa went through the standard monastic curriculum under abbot Shakya Zhonnu, in the early 14th century.",False,Student,"Kadmpa tradition, Pram\u0101\u1e47a, Praj\u00f1\u0101p\u0101ramit\u0101, Madhyamaka, Abhidharmako\u015ba, and Vinaya",tm.fig.10,tm.mon.11,"""Third Karmapa, Rangjung Dorje""",Sangpu,"""[Third Karmapa, Rangjung Dorje](tm.fig.10)|[Sangpu](tm.mon.11)|Student|Kadmpa tradition, Pram\\u0101\\u1e47a, Praj\\u00f1\\u0101p\\u0101ramit\\u0101, Madhyamaka, Abhidharmako\\u015ba, and Vinaya|The Third Karmapa went through the standard monastic curriculum under abbot Shakya Zhonnu, in the early 14th century."""
11,"[""[Alchi](mon_2)|Pilgrim|nan|She visited the monastery on a pilgrim to Ladakh (and other regions in northern India and Western Tibet) as a young child, seeing the Vairocana murals."", ""[Sakya](mon_13)|Pilgrim|nan|She visited Sakya monastery while on a pilgrimage with her lama Pema Gyatso to Central Tibet, in 1886 or 1887""]","As a young child, Shukseb Jetsun Choying Zangmo visited the monastery on a pilgrim that took her to Ladakh and other regions in northern India and Western Tibet. She saw the Vairocana murals here.",False,Pilgrim,Chod?,tm.fig.11,tm.mon.2,Shukseb Jetsun Choying Zangmo,Alchi,"""[Shukseb Jetsun Choying Zangmo](tm.fig.11)|[Alchi](tm.mon.2)|Pilgrim|Chod?|As a young child, Shukseb Jetsun Choying Zangmo visited the monastery on a pilgrim that took her to Ladakh and other regions in northern India and Western Tibet. She saw the Vairocana murals here."""
12,"[""[Sangpu](mon_11)|Student|Prasangika Madhyamaka, Miktsema prayer|He learned Sakya and Kadampa teachings from the Sakya master Rendawa Zhonnu Lodro."", ""[Sera Me](mon_1)|Founder (of Sera Monastery)|Geluk scholasticism|It was founded by Tsongkhapa's disciple Shakya Yeshe, who had been sent to the Ming court of Yongle in Tsongkhapa's stead and received offerings to found this monastery"", ""[Ganden](mon_8)|founder and throne-holder|Uma Gongpa Rabsel (Elucidation of the Thought)|He founded this monastery in 1410, naming it after the Pure Land of Maitreya. He had temples and three dimensional mandalas constructed for the tantric deities Guhyasamaja, Vajrabhairava, and Cakrasamvara. He is usually considered the first Ganden Tripa (or Throne holder), a position that became an important leadership role in the Geluk tradition. After appointing Gyelstabje as his successor, he died at Ganden and his body was entombed  inside a jeweled stupa there.""]","Sera was founded by Tsongkhapa's disciple Shakya Yeshe. He had been sent to the Ming court of Yongle, responding to the emperor's invitation, in Tsongkhapa's place. and received offerings to found this monastery",False,Founder (of Sera Monastery),Geluk scholasticism,tm.fig.1,tm.mon.1,Tsongkhapa Lobzang Drakpa,Sera Me,"""[Tsongkhapa Lobzang Drakpa](tm.fig.1)|[Sera Me](tm.mon.1)|Founder (of Sera Monastery)|Geluk scholasticism|Sera was founded by Tsongkhapa's disciple Shakya Yeshe. He had been sent to the Ming court of Yongle, responding to the emperor's invitation, in Tsongkhapa's place. and received offerings to found this monastery"""
13,"[""[Sangpu](mon_11)|Student|Prasangika Madhyamaka, Miktsema prayer|He learned Sakya and Kadampa teachings from the Sakya master Rendawa Zhonnu Lodro."", ""[Sera Me](mon_1)|Founder (of Sera Monastery)|Geluk scholasticism|It was founded by Tsongkhapa's disciple Shakya Yeshe, who had been sent to the Ming court of Yongle in Tsongkhapa's stead and received offerings to found this monastery"", ""[Ganden](mon_8)|founder and throne-holder|Uma Gongpa Rabsel (Elucidation of the Thought)|He founded this monastery in 1410, naming it after the Pure Land of Maitreya. He had temples and three dimensional mandalas constructed for the tantric deities Guhyasamaja, Vajrabhairava, and Cakrasamvara. He is usually considered the first Ganden Tripa (or Throne holder), a position that became an important leadership role in the Geluk tradition. After appointing Gyelstabje as his successor, he died at Ganden and his body was entombed  inside a jeweled stupa there.""]","Tsongkhapa founded the monastery of Ganden in 1410, naming it after the Pure Land of Maitreya. He led the construction of temples and three dimensional mandalas for the tantric deities Guhyasamaja, Vajrabhairava, and Cakrasamvara. He is usually considered the first Ganden Tripa (or throne holder), a position that became one of the most important leadership roles in the Geluk tradition. After appointing Gyelstabje as his successor, Tsongkhapa died at Ganden and his body was entombed inside a jeweled stupa there.",False,founder and throne-holder,Uma Gongpa Rabsel (Elucidation of the Thought),tm.fig.1,tm.mon.8,Tsongkhapa Lobzang Drakpa,Ganden,"""[Tsongkhapa Lobzang Drakpa](tm.fig.1)|[Ganden](tm.mon.8)|founder and throne-holder|Uma Gongpa Rabsel (Elucidation of the Thought)|Tsongkhapa founded the monastery of Ganden in 1410, naming it after the Pure Land of Maitreya. He led the construction of temples and three dimensional mandalas for the tantric deities Guhyasamaja, Vajrabhairava, and Cakrasamvara. He is usually considered the first Ganden Tripa (or throne holder), a position that became one of the most important leadership roles in the Geluk tradition. After appointing Gyelstabje as his successor, Tsongkhapa died at Ganden and his body was entombed inside a jeweled stupa there."""
14,"[""[Chakpori](mon_14)|military advisor|none|Before Chakpori became the Geluk medical college, it was the site of a battle that the Tsang king, ally and patron of the Karmapa, lost to the Mongols allied with U forces. The Karmapa may or may not have been present with the army"", ""[Tsurphu](mon_12)|Student, throne holder|Kagyu teachings|The Karmapa entered Tsurphu, head monastery of the Karma Kagyu tradition, in 1615, shortly after the death of the Gyeltsab (the leader in between Karmapas). He was ordained and educated by the Third Pawo. His teachings included \""various Buddhist scriptures from the Kangyur and Tengyur, including the Avata\u1e41saka, Ratnak\u016b\u1e6da, Vinaya, Praj\u00f1\u0101p\u0101ramit\u0101, and various other sutras and tantras, as well as the life stories of saints, religious histories, poetics, and the collected writings of former Karmapas, Zhamars, and other masters\"". He returned to Tsurphu for ful ordination by Pawo, Zhamar and Situ lamas in 1624. After the Zhamar lama died he accompanied his remains back to Tsurphu and had a reliquary constructed. He took up residence  in Tsurphu again supervising the construction of the temple and going on retreat. He generally was resident in Tsurphu through the Tibetan Civil War although he left at times for pilgrimage. AFter the victory of Geluk forces, he went into exile, but was allowed to return to Tsurphu at the end of his life in 1674, and some surrounding estates were restored to him. He did not return alive, but his remains were installed int he monastery after his death""]","The Karmapa entered Tsurphu, head monastery of the Karma Kagyu tradition, in 1615, shortly after the death of the Gyeltsab (the leader of the Kagyu school when there is no adult Karmapa). He was ordained and educated by the Third Pawo. His curriculum included \""various Buddhist scriptures from the Kangyur and Tengyur, including the Avata\u1e41saka, Ratnak\u016b\u1e6da, Vinaya, Praj\u00f1\u0101p\u0101ramit\u0101, and various other sutras and tantras, as well as the life stories of saints, religious histories, poetics, and the collected writings of former Karmapas, Zhamars, and other masters\"". He returned to Tsurphu for full ordination by then Pawo, Zhamar and Situ lamas in 1624. After the Zhamar lama died, the Tenth Karmapa accompanied his remains back to Tsurphu and had a reliquary constructed. He took up residence  in Tsurphu again, supervising the construction of the temple and going on retreat. He generally resided in Tsurphu through the Tibetan Civil War, although he left at times for pilgrimage. After the victory of Geluk forces, he went into exile, but was allowed to return to Tsurphu at the end of his life in 1674, and some surrounding estates were restored to him. He did not return alive, but his remains were installed int he monastery after his death",False,"Student, throne holder",Kagyu teachings,tm.fig.2,tm.mon.12,"""Tenth Karmapa, Choying Dorje""",Tsurphu,"""[Tenth Karmapa, Choying Dorje](tm.fig.2)|[Tsurphu](tm.mon.12)|Student, throne holder|Kagyu teachings|The Karmapa entered Tsurphu, head monastery of the Karma Kagyu tradition, in 1615, shortly after the death of the Gyeltsab (the leader of the Kagyu school when there is no adult Karmapa). He was ordained and educated by the Third Pawo. His curriculum included \\""""various Buddhist scriptures from the Kangyur and Tengyur, including the Avata\\u1e41saka, Ratnak\\u016b\\u1e6da, Vinaya, Praj\\u00f1\\u0101p\\u0101ramit\\u0101, and various other sutras and tantras, as well as the life stories of saints, religious histories, poetics, and the collected writings of former Karmapas, Zhamars, and other masters\\"""". He returned to Tsurphu for full ordination by then Pawo, Zhamar and Situ lamas in 1624. After the Zhamar lama died, the Tenth Karmapa accompanied his remains back to Tsurphu and had a reliquary constructed. He took up residence  in Tsurphu again, supervising the construction of the temple and going on retreat. He generally resided in Tsurphu through the Tibetan Civil War, although he left at times for pilgrimage. After the victory of Geluk forces, he went into exile, but was allowed to return to Tsurphu at the end of his life in 1674, and some surrounding estates were restored to him. He did not return alive, but his remains were installed int he monastery after his death"""
15,"[""[Dzogchen](mon_7)|Student, hermit|Guhyagarbha Tantra|He studied with Dzogchen Khenpo Pema Vajra, and spent the end of his life in a hermit near Dzogchen monastery  at Ju."", ""[Ganden](mon_8)|Visitor|Geluk philosophy and debate|He stayed for a month during a pilgrimage to Lhasa in 1861. He learned about Geluk scholarship and educational practices, as well as their tradition of debate. He would later introduce debate into Nyingma studies"", ""[Shechen](mon_15)|Student|nan|Mipham's initial monastery when he ordained as a novice was Shechen's branch monastery Jumohor Sangnga Choling. He also taught the Fifth Rabjam lama of Shechen. One of Mipham's reincarnations was also recognized at Shcehn.""]","Mipham stayed at Dzogchen monastery for a month during a pilgrimage to Lhasa in 1861. He learned about Geluk scholarship and educational practices, as well as their tradition of debate. He would later introduce debate into the Nyingma curriculum.",False,Visitor,Geluk philosophy and debate,tm.fig.3,tm.mon.8,Mipham,Ganden,"""[Mipham](tm.fig.3)|[Ganden](tm.mon.8)|Visitor|Geluk philosophy and debate|Mipham stayed at Dzogchen monastery for a month during a pilgrimage to Lhasa in 1861. He learned about Geluk scholarship and educational practices, as well as their tradition of debate. He would later introduce debate into the Nyingma curriculum."""
16,"[""[Dzogchen](mon_7)|Student, hermit|Guhyagarbha Tantra|He studied with Dzogchen Khenpo Pema Vajra, and spent the end of his life in a hermit near Dzogchen monastery  at Ju."", ""[Ganden](mon_8)|Visitor|Geluk philosophy and debate|He stayed for a month during a pilgrimage to Lhasa in 1861. He learned about Geluk scholarship and educational practices, as well as their tradition of debate. He would later introduce debate into Nyingma studies"", ""[Shechen](mon_15)|Student|nan|Mipham's initial monastery when he ordained as a novice was Shechen's branch monastery Jumohor Sangnga Choling. He also taught the Fifth Rabjam lama of Shechen. One of Mipham's reincarnations was also recognized at Shcehn.""]",Mipham's initial monastery when he ordained as a novice was Shechen's branch monastery Jumohor Sangnga Choling. Mipham later taught the Fifth Rabjam lama who resided at Shechen. One of Mipham's reincarnations was also recognized at Shechen.,False,Student,?,tm.fig.3,tm.mon.15,Mipham,Shechen,[Mipham](tm.fig.3)|[Shechen](tm.mon.15)|Student|?|Mipham's initial monastery when he ordained as a novice was Shechen's branch monastery Jumohor Sangnga Choling. Mipham later taught the Fifth Rabjam lama who resided at Shechen. One of Mipham's reincarnations was also recognized at Shechen.
17,"[""[Sangpu](mon_11)|Student|Kadampa tradition|Sakya Pandita studied under Shuton Dorje Kyab"", ""[Sakya](mon_13)|Throne holder|Sakya teachings, the Five Sciences, Indo-Tibetan philosophy|He inherited this head monastery of the Sakya tradition by being part of the Khon family. He studied under his uncle Drakpa Gyelsten, his predecessor throne holder, and others. He was especially interested in Indian Sanskritic and philosophical learning. He introduced the five major and five minor sciences into Tibetan learning, and wrote influential philosophical treatises defending Sakya views against Kagyu and Nyingma views. He wrote works such as the Treasury of Epistemology, the Clear Differentiation of the Three Vows, Clarifying the Sage's Intentions, the Treasury of Aphoristic Jewels, and Entrance Gate for the Wise. He also began forming ties with the Mongol rulers, which would eventually elevate the Sakya into the temporal rulers of Tibet as vassals of the Yuan dynasty.""]","Sakya Pandita inherited this head monastery of the Sakya tradition by being part of the Khon family. He studied under his uncle Drakpa Gyelsten, his predecessor as throne holder, as well as others. He was especially interested in Indian Sanskritic and philosophical learning. Sakya Pandita introduced the five major and five minor sciences into Tibetan learning, and he wrote influential philosophical treatises defending Sakya views against Kagyu and Nyingma views. He wrote works such as the Treasury of Epistemology, the Clear Differentiation of the Three Vows, Clarifying the Sage's Intentions, the Treasury of Aphoristic Jewels, and Entrance Gate for the Wise. He also began forming ties with the Mongol rulers. They would eventually elevate the Sakya into the temporal rulers of Tibet as vassals of the Yuan dynasty.",False,Throne holder,"Sakya teachings, the Five Sciences, Indo-Tibetan philosophy",tm.fig.4,tm.mon.13,Sakya Pandita,Sakya,"""[Sakya Pandita](tm.fig.4)|[Sakya](tm.mon.13)|Throne holder|Sakya teachings, the Five Sciences, Indo-Tibetan philosophy|Sakya Pandita inherited this head monastery of the Sakya tradition by being part of the Khon family. He studied under his uncle Drakpa Gyelsten, his predecessor as throne holder, as well as others. He was especially interested in Indian Sanskritic and philosophical learning. Sakya Pandita introduced the five major and five minor sciences into Tibetan learning, and he wrote influential philosophical treatises defending Sakya views against Kagyu and Nyingma views. He wrote works such as the Treasury of Epistemology, the Clear Differentiation of the Three Vows, Clarifying the Sage's Intentions, the Treasury of Aphoristic Jewels, and Entrance Gate for the Wise. He also began forming ties with the Mongol rulers. They would eventually elevate the Sakya into the temporal rulers of Tibet as vassals of the Yuan dynasty."""
18,"[""[Ganden](mon_8)|Throne holder|Geluk teachings|He became the third throne holder of Ganden Monastery in 1431, succeeding Tsongkhapa and Gyeltsabje. He taught and granted initiations until his death in 1438"", ""[Changra](mon_16)|Abbot|Geluk sutra and tantra teachings|After meeting initially with Tsongkhapa in 1407, Khedrupje assumed the abbacy of this Kadampa monastery (located within his home region of Tsang), and converted it to Geluk in 1413"", ""[Sera Me](mon_1)|Student|Geluk sutra and tantra teachings|He took teachings from Tsongkhapa at a retreat near Sera Monastery in 1407""]","After meeting initially with Tsongkhapa in 1407, Khedrupje assumed the abbacy of the Kadampa monastery of Changra (located within his home region of Tsang), and converted it to Geluk in 1413",False,Abbot,Geluk sutra and tantra teachings,tm.fig.5,tm.mon.16,Khedrupje,Changra,"""[Khedrupje](tm.fig.5)|[Changra](tm.mon.16)|Abbot|Geluk sutra and tantra teachings|After meeting initially with Tsongkhapa in 1407, Khedrupje assumed the abbacy of the Kadampa monastery of Changra (located within his home region of Tsang), and converted it to Geluk in 1413"""
19,"[""[Ganden](mon_8)|Throne holder|Geluk teachings|He became the third throne holder of Ganden Monastery in 1431, succeeding Tsongkhapa and Gyeltsabje. He taught and granted initiations until his death in 1438"", ""[Changra](mon_16)|Abbot|Geluk sutra and tantra teachings|After meeting initially with Tsongkhapa in 1407, Khedrupje assumed the abbacy of this Kadampa monastery (located within his home region of Tsang), and converted it to Geluk in 1413"", ""[Sera Me](mon_1)|Student|Geluk sutra and tantra teachings|He took teachings from Tsongkhapa at a retreat near Sera Monastery in 1407""]",Khedrupje took teachings from Tsongkhapa at a retreat near Sera Monastery in 1407,False,Student,Geluk sutra and tantra teachings,tm.fig.5,tm.mon.1,Khedrupje,Sera Me,[Khedrupje](tm.fig.5)|[Sera Me](tm.mon.1)|Student|Geluk sutra and tantra teachings|Khedrupje took teachings from Tsongkhapa at a retreat near Sera Monastery in 1407
20,"[""[Pelpung](mon_17)|Student|Five Treatises, Rime|He was sent by the local chieftain Tsepel to the monastery in 1833. He did a second ordination encouraged by Wongen Tulku, under the Tai Situ Lama. (this was done for sectarian reasons, as Nyingma and Karma Kagyu had different). He received the ordination name Yonten Gyatso, and later recognized as the Kongtrul tulku. He was patronized by local noble families and performed rituals for them.\nIn 1840 he was visited by Jamyang Kyenste Wangpo, another important lama of the Rime tradition. He also gave tantric vows to the famous Nyingma terton Chokgyur Lingpa in 1853. He edited the Five Treatises, on tantric, doctrinal and meditative teachings. During the Nyarong war, he negotiated for the warring armies to spare Pelpung monastery, he subsequently got into political trouble with lamas and ended up in exile from 1874 to 1886, before returnings."", ""[Shechen](mon_15)|Student|Nyingma teachings|He was sent to Shechen (a Nyingma monastery) after a lama noticed his great learning in Bon. There he studied under Shechen Wontrul Gyurme Tutob Namgyel was ordained in 1832. Later on he taught Shechen lamas and a Shechen lama was recognized as one of his incarnations."", ""[Tsadra Rinchen Drak](mon_18)|Founder, hermit/retreatant|Five Treasureies, Jamgon Kongtrul's retreat manual|IN 1843 Jamgon Kongtrul founded this hermitage near Pelpung, repairing buildings and doing an initial personal retreat. In 1857 he consecrated it as one of the 25 Great Places of Kham and then began a regular series of three-year retreats starting in 1861, using his own retreat manual""]",Jamgön Kongtrul was sent to Shechen (a Nyingma monastery) after a lama noticed his great learning as a young monk of the Bon tradition. There he studied under Shechen Wontrul Gyurme Tutob Namgyel was ordained in 1832. Later on he taught Shechen lamas and a Shechen lama was recognized as one of his incarnations.,False,Student,Nyingma Teachings,tm.fig.6,tm.mon.15,Jamgön Kongtrul Lodrö Thayé,Shechen,[Jamgön Kongtrul Lodrö Thayé](tm.fig.6)|[Shechen](tm.mon.15)|Student|Nyingma Teachings|Jamgön Kongtrul was sent to Shechen (a Nyingma monastery) after a lama noticed his great learning as a young monk of the Bon tradition. There he studied under Shechen Wontrul Gyurme Tutob Namgyel was ordained in 1832. Later on he taught Shechen lamas and a Shechen lama was recognized as one of his incarnations.
21,"[""[Pelpung](mon_17)|Student|Five Treatises, Rime|He was sent by the local chieftain Tsepel to the monastery in 1833. He did a second ordination encouraged by Wongen Tulku, under the Tai Situ Lama. (this was done for sectarian reasons, as Nyingma and Karma Kagyu had different). He received the ordination name Yonten Gyatso, and later recognized as the Kongtrul tulku. He was patronized by local noble families and performed rituals for them.\nIn 1840 he was visited by Jamyang Kyenste Wangpo, another important lama of the Rime tradition. He also gave tantric vows to the famous Nyingma terton Chokgyur Lingpa in 1853. He edited the Five Treatises, on tantric, doctrinal and meditative teachings. During the Nyarong war, he negotiated for the warring armies to spare Pelpung monastery, he subsequently got into political trouble with lamas and ended up in exile from 1874 to 1886, before returnings."", ""[Shechen](mon_15)|Student|Nyingma teachings|He was sent to Shechen (a Nyingma monastery) after a lama noticed his great learning in Bon. There he studied under Shechen Wontrul Gyurme Tutob Namgyel was ordained in 1832. Later on he taught Shechen lamas and a Shechen lama was recognized as one of his incarnations."", ""[Tsadra Rinchen Drak](mon_18)|Founder, hermit/retreatant|Five Treasureies, Jamgon Kongtrul's retreat manual|IN 1843 Jamgon Kongtrul founded this hermitage near Pelpung, repairing buildings and doing an initial personal retreat. In 1857 he consecrated it as one of the 25 Great Places of Kham and then began a regular series of three-year retreats starting in 1861, using his own retreat manual""]","In 1843 Jamgön Kongtrul founded this hermitage near Pelpung. He repaired buildings and did an initial personal retreat. In 1857 he consecrated it as one of the 25 Great Places of Kham and then began a regular series of three-year retreats starting in 1861, based on his own retreat manual.",False,"Founder, hermit/retreatant","Five Treasuries, Jamgon Kongtrul's retreat manual",tm.fig.6,tm.mon.18,Jamgön Kongtrul Lodrö Thayé,Tsadra Rinchen Drak,"""[Jamgön Kongtrul Lodrö Thayé](tm.fig.6)|[Tsadra Rinchen Drak](tm.mon.18)|Founder, hermit/retreatant|Five Treasuries, Jamgon Kongtrul's retreat manual|In 1843 Jamgön Kongtrul founded this hermitage near Pelpung. He repaired buildings and did an initial personal retreat. In 1857 he consecrated it as one of the 25 Great Places of Kham and then began a regular series of three-year retreats starting in 1861, based on his own retreat manual."""
22,"[""[Tsering Jong](mon_21)|preacher, founder of hermitage, abbot|Longchen Nyingtik|He founded the hermitage Chonggye (later using it for his own retreats) and transmitted the Longchen Nyingtik. It served as his personal seat until his death in 1798"", ""[Samye](mon_20)|Retreatant, patron|Yonten Dzod|He went on a three year retreat 1759-1762 in the Chimpu caves (specifically Upper and Lower Nyang), during which he had visions of the Nyingma master Longchenpa and is believed to have received blessings and terma teachings. He also sponsored a project to restore the monastery, and in 1788 held an audience with the royal family of"", ""[Pelri Osel Tekchenling](mon_19)|Student, retreatant|Mahamudra, Yeshe Tongdrol, Longchen Nyingtik|He was enrolled in this Nyingma monastery at the age of six, although he was not said to be a good student initially. He studied under Tukchok Dorje and received transmissions such as Mahamudra and the Yeshe Tongdrol of Tennyi Lingpa. He went on a retreat from 1757 to 1760, in which he is said to have received a \""mind treasure\"" of the Longchen Nyingtik treasure.""]","Jigme Lingpa went on a three year retreat 1759-1762 in the Chimpu caves (specifically Upper and Lower Nyang), during which he had visions of the Nyingma master Longchenpa and is believed to have received blessings and terma teachings. He also sponsored a project to restore the monastery, and in 1788 held an audience with the royal family of Dege.",False,"Retreatant, patron",Yonten Dzod,tm.fig.7,tm.mon.20,Jigme Lingpa,Samye,"""[Jigme Lingpa](tm.fig.7)|[Samye](tm.mon.20)|Retreatant, patron|Yonten Dzod|Jigme Lingpa went on a three year retreat 1759-1762 in the Chimpu caves (specifically Upper and Lower Nyang), during which he had visions of the Nyingma master Longchenpa and is believed to have received blessings and terma teachings. He also sponsored a project to restore the monastery, and in 1788 held an audience with the royal family of Dege."""
23,"[""[Tsering Jong](mon_21)|preacher, founder of hermitage, abbot|Longchen Nyingtik|He founded the hermitage Chonggye (later using it for his own retreats) and transmitted the Longchen Nyingtik. It served as his personal seat until his death in 1798"", ""[Samye](mon_20)|Retreatant, patron|Yonten Dzod|He went on a three year retreat 1759-1762 in the Chimpu caves (specifically Upper and Lower Nyang), during which he had visions of the Nyingma master Longchenpa and is believed to have received blessings and terma teachings. He also sponsored a project to restore the monastery, and in 1788 held an audience with the royal family of"", ""[Pelri Osel Tekchenling](mon_19)|Student, retreatant|Mahamudra, Yeshe Tongdrol, Longchen Nyingtik|He was enrolled in this Nyingma monastery at the age of six, although he was not said to be a good student initially. He studied under Tukchok Dorje and received transmissions such as Mahamudra and the Yeshe Tongdrol of Tennyi Lingpa. He went on a retreat from 1757 to 1760, in which he is said to have received a \""mind treasure\"" of the Longchen Nyingtik treasure.""]","Jigme Lingpa was enrolled in this Nyingma monastery at the age of six, although he was not said to be a good student initially. He studied under Tukchok Dorje and received transmissions such as Mahamudra and the Yeshe Tongdrol of Tennyi Lingpa. He went on a retreat from 1757 to 1760, in which he is said to have received a ""mind treasure"" of the Longchen Nyingtik treasure.",False,"Student, retreatant","Mahamudra, Yeshe Tongdrol, Longchen Nyingtik",tm.fig.7,tm.mon.19,Jigme Lingpa,Pelri Osel Tekchenling,"""[Jigme Lingpa](tm.fig.7)|[Pelri Osel Tekchenling](tm.mon.19)|Student, retreatant|Mahamudra, Yeshe Tongdrol, Longchen Nyingtik|Jigme Lingpa was enrolled in this Nyingma monastery at the age of six, although he was not said to be a good student initially. He studied under Tukchok Dorje and received transmissions such as Mahamudra and the Yeshe Tongdrol of Tennyi Lingpa. He went on a retreat from 1757 to 1760, in which he is said to have received a """"mind treasure"""" of the Longchen Nyingtik treasure."""
24,"[""[Tanak Serling](mon_24)|Founder|Madhayamaka works and other teachings|He founded the monastery in 1466 and was based there for several years afterward, writing various works and receiving patronage from the Rinpungpa rulers. He returned there at the end of his life."", ""[Nalendra](mon_22)|Student|Sakya teachings|He went to Nalendra at age nineteen and took teachings from Rongton Sheja Kunrik"", ""[Ngor](mon_23)|Student|Lamdre, Madhyamaka philosophy|He took tantric teachings from Ngorchen Kunga Zangpo, and other teachings from Muchen Konchok Zangpo and Gungru Sherab Zangpo (who taught philosophy)""]",Gorampa went to Nalendra at age nineteen and took teachings from Rongton Sheja Kunrik.,False,Student,Sakya teachings,tm.fig.8,tm.mon.22,Gorampa,Nalendra,[Gorampa](tm.fig.8)|[Nalendra](tm.mon.22)|Student|Sakya teachings|Gorampa went to Nalendra at age nineteen and took teachings from Rongton Sheja Kunrik.
25,"[""[Tanak Serling](mon_24)|Founder|Madhayamaka works and other teachings|He founded the monastery in 1466 and was based there for several years afterward, writing various works and receiving patronage from the Rinpungpa rulers. He returned there at the end of his life."", ""[Nalendra](mon_22)|Student|Sakya teachings|He went to Nalendra at age nineteen and took teachings from Rongton Sheja Kunrik"", ""[Ngor](mon_23)|Student|Lamdre, Madhyamaka philosophy|He took tantric teachings from Ngorchen Kunga Zangpo, and other teachings from Muchen Konchok Zangpo and Gungru Sherab Zangpo (who taught philosophy)""]",Gorampa took tantric teachings from Ngorchen Kunga Zangpo and other teachings from Muchen Konchok Zangpo and Gungru Sherab Zangpo (who taught philosophy).,False,Student,"Lamdre, Madhyamaka philosophy",tm.fig.8,tm.mon.23,Gorampa,Ngor,"""[Gorampa](tm.fig.8)|[Ngor](tm.mon.23)|Student|Lamdre, Madhyamaka philosophy|Gorampa took tantric teachings from Ngorchen Kunga Zangpo and other teachings from Muchen Konchok Zangpo and Gungru Sherab Zangpo (who taught philosophy)."""
26,"[""[Chone](mon_26)|Student|none|Chone is where Ngawang Tsultrim was initially ordained as a novice and where he underwent the first stages of the monastic curriculum."", ""[Sera Me](mon_1)|Resident lama, patron, student|the Geluk curriculum|Sera Me was Ngawang Ts\u00fcltrim's home monastery, where he enrolled in 1745 and eventually attained a Geshe Lharampa degree. He entered because his local monastery of Chone had strong ties to Sera Me. he was especially devoted to patronizing Sera Me when he served as regent, sponsoring statues and housing for monks and funding for rituals (or simply coming for a visit). He was posthumously recognized as the Tshemonling lama and Sera Me became the home of this incarnation's labrang (estate). His biography was written by abbots of Sera Me"", ""[Yonghe Gong](mon_25)|Disciplinarian, preacher, imperial preceptor|Tsongkhapa's Lamrim, Guhyasamaja, Vajrabhairava, Chakrasamvara|From 1763 to 1777 he served as chief disciplinarian and preacher under the imperial preceptor Changkya Rolpe Dorje and the Qianlong emperor. In addition to teaching the monks he performed long life ceremonies for the emperor. During his own appointment as imperial preceptor or \""lama of the seal\"", he continued his role as preacher and tantric master, and also worked on a Manchu version of the Kangyur. The temple was the site of audiences between Ngawang Ts\u00fcltrim and the emperor which were opportunities for religious teaching and diplomacy between Tibet and the imperial throne.""]","Sera Me was Ngawang Tsültrim's home monastery, where he enrolled in 1745 and eventually attained a Geshe Lharampa degree. His local monastery of Choné had strong ties to Sera Me. Ngawang Tsültrim was especially devoted to patronizing Sera Me when he served as regent, sponsoring statues and housing for monks and funding for rituals (or simply coming for a visit). He was posthumously recognized as the Tshemönling lama and Sera Me became the home of this incarnation's labrang (estate). His biography was written by abbots of Sera Me.",False,"Resident lama, patron, student",the Geluk curriculum,tm.fig.9,tm.mon.1,Ngawang Tsültrim,Sera Me,"""[Ngawang Tsültrim](tm.fig.9)|[Sera Me](tm.mon.1)|Resident lama, patron, student|the Geluk curriculum|Sera Me was Ngawang Tsültrim's home monastery, where he enrolled in 1745 and eventually attained a Geshe Lharampa degree. His local monastery of Choné had strong ties to Sera Me. Ngawang Tsültrim was especially devoted to patronizing Sera Me when he served as regent, sponsoring statues and housing for monks and funding for rituals (or simply coming for a visit). He was posthumously recognized as the Tshemönling lama and Sera Me became the home of this incarnation's labrang (estate). His biography was written by abbots of Sera Me."""
27,"[""[Chone](mon_26)|Student|none|Chone is where Ngawang Tsultrim was initially ordained as a novice and where he underwent the first stages of the monastic curriculum."", ""[Sera Me](mon_1)|Resident lama, patron, student|the Geluk curriculum|Sera Me was Ngawang Ts\u00fcltrim's home monastery, where he enrolled in 1745 and eventually attained a Geshe Lharampa degree. He entered because his local monastery of Chone had strong ties to Sera Me. he was especially devoted to patronizing Sera Me when he served as regent, sponsoring statues and housing for monks and funding for rituals (or simply coming for a visit). He was posthumously recognized as the Tshemonling lama and Sera Me became the home of this incarnation's labrang (estate). His biography was written by abbots of Sera Me"", ""[Yonghe Gong](mon_25)|Disciplinarian, preacher, imperial preceptor|Tsongkhapa's Lamrim, Guhyasamaja, Vajrabhairava, Chakrasamvara|From 1763 to 1777 he served as chief disciplinarian and preacher under the imperial preceptor Changkya Rolpe Dorje and the Qianlong emperor. In addition to teaching the monks he performed long life ceremonies for the emperor. During his own appointment as imperial preceptor or \""lama of the seal\"", he continued his role as preacher and tantric master, and also worked on a Manchu version of the Kangyur. The temple was the site of audiences between Ngawang Ts\u00fcltrim and the emperor which were opportunities for religious teaching and diplomacy between Tibet and the imperial throne.""]","From 1763 to 1777 Ngawang Tsültrim served as chief disciplinarian and preacher under the imperial preceptor Changkya Rolpe Dorje and the Qianlong emperor. In addition to teaching the monks he performed long life ceremonies for the emperor. During his own appointment as imperial preceptor or \""lama of the seal\"", he continued his role as preacher and tantric master, and also worked on a Manchu version of the Kangyur. The temple was the site of audiences between Ngawang Tsültrim and the emperor which were opportunities for religious teaching and diplomacy between Tibet and the imperial throne.",False,"Disciplinarian, preacher, imperial precepto","Tsongkhapa's Lamrim, Guhyasamaja, Vajrabhairava, Chakrasamvara",tm.fig.9,tm.mon.25,Ngawang Tsültrim,Yonghe Gong,"""[Ngawang Tsültrim](tm.fig.9)|[Yonghe Gong](tm.mon.25)|Disciplinarian, preacher, imperial precepto|Tsongkhapa's Lamrim, Guhyasamaja, Vajrabhairava, Chakrasamvara|From 1763 to 1777 Ngawang Tsültrim served as chief disciplinarian and preacher under the imperial preceptor Changkya Rolpe Dorje and the Qianlong emperor. In addition to teaching the monks he performed long life ceremonies for the emperor. During his own appointment as imperial preceptor or \\""""lama of the seal\\"""", he continued his role as preacher and tantric master, and also worked on a Manchu version of the Kangyur. The temple was the site of audiences between Ngawang Tsültrim and the emperor which were opportunities for religious teaching and diplomacy between Tibet and the imperial throne."""
28,"[""[Sangpu](mon_11)|Student|Kadmpa tradition, Pram\u0101\u1e47a, Praj\u00f1\u0101p\u0101ramit\u0101, Madhyamaka, Abhidharmako\u015ba, and Vinaya|He went through the standard monastic curriculum under abbot Shakya Zhonnu, in the early 14th century"", ""[Tsurphu](mon_12)|Student, Patron|Kalacakra, Chod|At a young age, inspired by a vision, he went to the monastery received teachings on Kalachakra and Ch\u00f6 from Sherab Pel, Nyenre Gendun Bum, Namtsowa Mikyo Dorje. He had new temple constructed with a gilded roof and secured an imperial tax exemption."", ""[Tsel Gungtang](mon_27)|Patron and overseer|Tselpa Kagyu|He was the teacher of the monastery's abbot Kunga Dorje and secrued from the emperor titles from him. As Karmapa he tried to maintain good relations between the Tselpa Kagyu school based here, and his own Karma Kagyu school""]","At a young age, inspired by a vision, the Third Karmapa went to the monastery of Tsurphu and received teachings on Kalachakra and Chöd from Sherab Pel, Nyenre Gendun Bum, and Namtsowa Mikyo Dorje. He had a new temple constructed with a gilded roof and secured an imperial tax exemption.",False,"Student, Patron","Kalacakra, Chod",tm.fig.10,tm.mon.12,"""Third Karmapa, Rangjung Dorje""",Tsurphu,"""[Third Karmapa, Rangjung Dorje](tm.fig.10)|[Tsurphu](tm.mon.12)|Student, Patron|Kalacakra, Chod|At a young age, inspired by a vision, the Third Karmapa went to the monastery of Tsurphu and received teachings on Kalachakra and Chöd from Sherab Pel, Nyenre Gendun Bum, and Namtsowa Mikyo Dorje. He had a new temple constructed with a gilded roof and secured an imperial tax exemption."""
29,"[""[Sangpu](mon_11)|Student|Kadmpa tradition, Pram\u0101\u1e47a, Praj\u00f1\u0101p\u0101ramit\u0101, Madhyamaka, Abhidharmako\u015ba, and Vinaya|He went through the standard monastic curriculum under abbot Shakya Zhonnu, in the early 14th century"", ""[Tsurphu](mon_12)|Student, Patron|Kalacakra, Chod|At a young age, inspired by a vision, he went to the monastery received teachings on Kalachakra and Ch\u00f6 from Sherab Pel, Nyenre Gendun Bum, Namtsowa Mikyo Dorje. He had new temple constructed with a gilded roof and secured an imperial tax exemption."", ""[Tsel Gungtang](mon_27)|Patron and overseer|Tselpa Kagyu|He was the teacher of the monastery's abbot Kunga Dorje and secrued from the emperor titles from him. As Karmapa he tried to maintain good relations between the Tselpa Kagyu school based here, and his own Karma Kagyu school""]","The Third Karmapa was the teacher of Tsel Gungtang's abbot Kunga Dorje and secured titles from him from the emperor. As Karmapa he tried to maintain good relations between the Tselpa Kagyu school based at Tsel, and his own Karma Kagyu school",False,Patron and overseer,Tselpa Kagyu,tm.fig.10,tm.mon.27,"""Third Karmapa, Rangjung Dorje""",Tsel Gungtang,"""[Third Karmapa, Rangjung Dorje](tm.fig.10)|[Tsel Gungtang](tm.mon.27)|Patron and overseer|Tselpa Kagyu|The Third Karmapa was the teacher of Tsel Gungtang's abbot Kunga Dorje and secured titles from him from the emperor. As Karmapa he tried to maintain good relations between the Tselpa Kagyu school based at Tsel, and his own Karma Kagyu school"""
30,,"Gyeltsabje Darma Rinchen helped to found the monastery of Ganden in 1409 and assisted with ordinations. He served as the second throne holder of Ganden (succeeding Tsongkhapa) from 1419 to 1432, engaging in scholarship and debate.",False,"Founder, Throne holder","Madhyamaka, Epistemology, Guhyasamaja",tm.fig.12,tm.mon.8,Gyeltsabje Darma Rinchen,Ganden,"""[Gyeltsabje Darma Rinchen](tm.fig.12)|[Ganden](tm.mon.8)|Founder, Throne holder|Madhyamaka, Epistemology, Guhyasamaja|Gyeltsabje Darma Rinchen helped to found the monastery of Ganden in 1409 and assisted with ordinations. He served as the second throne holder of Ganden (succeeding Tsongkhapa) from 1419 to 1432, engaging in scholarship and debate."""
32,,Gyeltsabje underwent some of his early education at Sangpu,False,student,Kadampa teachings,tm.fig.12,tm.mon.11,Gyeltsabje Darma Rinchen,Sangpu,[Gyeltsabje Darma Rinchen](tm.fig.12)|[Sangpu](tm.mon.11)|student|Kadampa teachings|Gyeltsabje underwent some of his early education at Sangpu
33,,Sakya was one of the monasteries where Gyeltsabje underwent his education. He successfully debated Rongton Sheja Kunrig and Khenchen Yagpa.,False,"Student, debater",Sakya philosophy,tm.fig.12,tm.mon.13,Gyeltsabje Darma Rinchen,Sakya,"""[Gyeltsabje Darma Rinchen](tm.fig.12)|[Sakya](tm.mon.13)|Student, debater|Sakya philosophy|Sakya was one of the monasteries where Gyeltsabje underwent his education. He successfully debated Rongton Sheja Kunrig and Khenchen Yagpa."""
34,,"Gyeltsabje did some of his early studies at the Kagyu monastery Tsetang, which was eventually converted to Geluk",False,Student,Kagyu teachings,tm.fig.12,tm.mon.38,Gyeltsabje Darma Rinchen,Tsetang,"""[Gyeltsabje Darma Rinchen](tm.fig.12)|[Tsetang](tm.mon.38)|Student|Kagyu teachings|Gyeltsabje did some of his early studies at the Kagyu monastery Tsetang, which was eventually converted to Geluk"""
31,,Jamyang Khyentse Wangpo was blessed by lamas (including his uncle) at the monastery of Katok and given a dharma name. One of his reincarnations was identified here.,False,Family member of lamas,Nyingma teachings,tm.fig.14,tm.mon.32,Jamyang Khyentse Wangpo,Katok,[Jamyang Khyentse Wangpo](tm.fig.14)|[Katok](tm.mon.32)|Family member of lamas|Nyingma teachings|Jamyang Khyentse Wangpo was blessed by lamas (including his uncle) at the monastery of Katok and given a dharma name. One of his reincarnations was identified here.
35,,"Jamyang Khyentse Wangpo was ordained as a monk at Mindroling, and received Nyingma treasure teachings (terma) and Sakya teachings.",False,"Ordainee, student","Terdak Lingpa, yangdak Heruka",tm.fig.14,tm.mon.39,Jamyang Khyentse Wangpo,Mindroling,"""[Jamyang Khyentse Wangpo](tm.fig.14)|[Mindroling](tm.mon.39)|Ordainee, student|Terdak Lingpa, yangdak Heruka|Jamyang Khyentse Wangpo was ordained as a monk at Mindroling, and received Nyingma treasure teachings (terma) and Sakya teachings."""
36,,"Jamyang Khyentse Wangpo exchanged empowerments with a lama at Shechen, giving a long life blessing in exchange for the Mayajala teachings",False,"Student, giver of long life empowerment",Mayajala,tm.fig.14,tm.mon.15,Jamyang Khyentse Wangpo,Shechen,"""[Jamyang Khyentse Wangpo](tm.fig.14)|[Shechen](tm.mon.15)|Student, giver of long life empowerment|Mayajala|Jamyang Khyentse Wangpo exchanged empowerments with a lama at Shechen, giving a long life blessing in exchange for the Mayajala teachings"""
37,,Jamyang Khyentse Wangpo took lay vows as a young child from the abbot of Ngor,False,Taker of vows,Buddhist lay vows,tm.fig.14,tm.mon.23,Jamyang Khyentse Wangpo,Ngor,[Jamyang Khyentse Wangpo](tm.fig.14)|[Ngor](tm.mon.23)|Taker of vows|Buddhist lay vows|Jamyang Khyentse Wangpo took lay vows as a young child from the abbot of Ngor
38,,"Jamyang Khyentse Wangpo had family connections to Dzongsar and it became his home monastery. He gave teachings to prominent treasure-revealer (terton) Chokgyur Lingpa here, on the subject of how to be a terton. Jamyang Khyentsen engaged in political negotiations to protect Dzongsar in an Eastern Tibetan war, and organized in construction projects to expand it. Several of his reincarnations have been recognized at this monastery",False,"Head lama, family monastery, teacher","Hevajra, Kriya tantras, treasure-revealing empowerments",tm.fig.14,tm.mon.30,Jamyang Khyentse Wangpo,Dzongsar,"""[Jamyang Khyentse Wangpo](tm.fig.14)|[Dzongsar](tm.mon.30)|Head lama, family monastery, teacher|Hevajra, Kriya tantras, treasure-revealing empowerments|Jamyang Khyentse Wangpo had family connections to Dzongsar and it became his home monastery. He gave teachings to prominent treasure-revealer (terton) Chokgyur Lingpa here, on the subject of how to be a terton. Jamyang Khyentsen engaged in political negotiations to protect Dzongsar in an Eastern Tibetan war, and organized in construction projects to expand it. Several of his reincarnations have been recognized at this monastery"""
39,,"Jamyang Khyentse Wangpo went to Pelpung to take teachings from Jamgon Kongtrul, including Chandragomin's grammar. On later visits, he received the Jonang teachings of Taranatha, and helped consecrate Jamgon Kongtrul's hermitage. Jamyang Khyentse Wangpo also gave the empowerment for his own sadhana collection at Pelpung. One of his incarnations Karma Khyentse Wozer was recognized here",False,"Pilgrim, student, teacher","Sanskrit, Jonang teachings, Kalachakra, Drubtab Kundu (Sakya sasdhanas)",tm.fig.14,tm.mon.17,Jamyang Khyentse Wangpo,Pelpung,"""[Jamyang Khyentse Wangpo](tm.fig.14)|[Pelpung](tm.mon.17)|Pilgrim, student, teacher|Sanskrit, Jonang teachings, Kalachakra, Drubtab Kundu (Sakya sasdhanas)|Jamyang Khyentse Wangpo went to Pelpung to take teachings from Jamgon Kongtrul, including Chandragomin's grammar. On later visits, he received the Jonang teachings of Taranatha, and helped consecrate Jamgon Kongtrul's hermitage. Jamyang Khyentse Wangpo also gave the empowerment for his own sadhana collection at Pelpung. One of his incarnations Karma Khyentse Wozer was recognized here"""
40,,Jamyang Khyentse Wangpo studied with the Sakya throne holders and also wrote his compendium of Sakya sadhanas at Sakya.,False,"Student, scholar",Sakya tantric teachings,tm.fig.14,tm.mon.13,Jamyang Khyentse Wangpo,Sakya,"""[Jamyang Khyentse Wangpo](tm.fig.14)|[Sakya](tm.mon.13)|Student, scholar|Sakya tantric teachings|Jamyang Khyentse Wangpo studied with the Sakya throne holders and also wrote his compendium of Sakya sadhanas at Sakya."""
41,,"Jamyang Khyentse Wangpo helped consecrate the hermitage of his teacher Jamgon Kongtrul's hermitage, Tsadra Rinchen Drak",False,Consecrator,,tm.fig.14,tm.mon.18,Jamyang Khyentse Wangpo,Tsadra Rinchen Drak,"""[Jamyang Khyentse Wangpo](tm.fig.14)|[Tsadra Rinchen Drak](tm.mon.18)|Consecrator||Jamyang Khyentse Wangpo helped consecrate the hermitage of his teacher Jamgon Kongtrul's hermitage, Tsadra Rinchen Drak"""
42,,"Drakpa Gyaltsen was born into the family of the Sakya patriarchs, grew up around Sakya monastery, and took up the role of patriarch informally at the age of 13 and officially at the age of 26. He became an expert at an early age on all the Sakya teachings and gave teachings on them. Drakpa Gyaltsen also wrote commentaries on the lives of previous teachers at Sakya, built stupas and statues to commemorate his forebears and siblings, and had a temple constructed on Sakya monastery grounds. He remained in the role of throne holder until his death at age 70. It is said that he accumulated no wealth as the Sakya throne holder",False,Patriarch/throne holder,"Hevajra teachings,  Twenty Verses on the Bodhisattva Vows, Samvara Vimsatika, Sararodhbuta sadhana",tm.fig.15,tm.mon.13,Drakpa Gyeltsen,Sakya,"""[Drakpa Gyeltsen](tm.fig.15)|[Sakya](tm.mon.13)|Patriarch/throne holder|Hevajra teachings,  Twenty Verses on the Bodhisattva Vows, Samvara Vimsatika, Sararodhbuta sadhana|Drakpa Gyaltsen was born into the family of the Sakya patriarchs, grew up around Sakya monastery, and took up the role of patriarch informally at the age of 13 and officially at the age of 26. He became an expert at an early age on all the Sakya teachings and gave teachings on them. Drakpa Gyaltsen also wrote commentaries on the lives of previous teachers at Sakya, built stupas and statues to commemorate his forebears and siblings, and had a temple constructed on Sakya monastery grounds. He remained in the role of throne holder until his death at age 70. It is said that he accumulated no wealth as the Sakya throne holder"""
43,,"Rendawa Shonnu Lodro taught Tsongkhapa here, and Tsongkhapa wrote the Miktsema verses in his honor; Rendawa rededicated them to Tsongkhapa.",False,teacher,Mikstema,tm.fig.16,tm.mon.40,Rendawa Shonnu Lodro,Reting,"""[Rendawa Shonnu Lodro](tm.fig.16)|[Reting](tm.mon.40)|teacher|Mikstema|Rendawa Shonnu Lodro taught Tsongkhapa here, and Tsongkhapa wrote the Miktsema verses in his honor; Rendawa rededicated them to Tsongkhapa."""
44,,"Rendawa Shonnu Lodro received his novice and primary vows at Sakya monastery, and studied the five core subjects of logic, Perfection of Wisdom, Abhidharma, Vinaya, and Madhyamaka philosophy. He completed his debating exams on these subjects and went on to study the Sakya tanric systems like Guhyasamaja and Heruka",False,student,"logic, epistemology, Heruka, Guhyasamaja",tm.fig.16,tm.mon.13,Rendawa Shonnu Lodro,Sakya,"""[Rendawa Shonnu Lodro](tm.fig.16)|[Sakya](tm.mon.13)|student|logic, epistemology, Heruka, Guhyasamaja|Rendawa Shonnu Lodro received his novice and primary vows at Sakya monastery, and studied the five core subjects of logic, Perfection of Wisdom, Abhidharma, Vinaya, and Madhyamaka philosophy. He completed his debating exams on these subjects and went on to study the Sakya tanric systems like Guhyasamaja and Heruka"""
45,,"Chokgyur Lingpa visited Katok with the lamas Khyentse Wangpo and Jamgon Kongtrul, and did consecrations and empowerments, and received transmissions.",False,"pilgrim, teacher",Barche Kunsel,tm.fig.17,tm.mon.32,Chokgyur Lingpa,Katok,"""[Chokgyur Lingpa](tm.fig.17)|[Katok](tm.mon.32)|pilgrim, teacher|Barche Kunsel|Chokgyur Lingpa visited Katok with the lamas Khyentse Wangpo and Jamgon Kongtrul, and did consecrations and empowerments, and received transmissions."""
46,,Chokgyur Lingpa went on pilgrimage to Mindroling toward the end of his life,False,Pilgrim,,tm.fig.17,tm.mon.39,Chokgyur Lingpa,Mindroling,[Chokgyur Lingpa](tm.fig.17)|[Mindroling](tm.mon.39)|Pilgrim||Chokgyur Lingpa went on pilgrimage to Mindroling toward the end of his life
47,,Chokgyur Lingps went on pilgrimage to Dorje Drak toward the end of his life,False,Pilgrim,,tm.fig.17,tm.mon.4,Chokgyur Lingpa,Dorje Drak,[Chokgyur Lingpa](tm.fig.17)|[Dorje Drak](tm.mon.4)|Pilgrim||Chokgyur Lingps went on pilgrimage to Dorje Drak toward the end of his life
48,,Chokgyur Lingpa met with the resident tulku at Dzogchen monastery and uncovered a certain casket of treasure teachings,False,Treasure revealer,"""buddha attributes"", gazetteer",tm.fig.17,tm.mon.7,Chokgyur Lingpa,Dzogchen,"""[Chokgyur Lingpa](tm.fig.17)|[Dzogchen](tm.mon.7)|Treasure revealer|""""buddha attributes"""", gazetteer|Chokgyur Lingpa met with the resident tulku at Dzogchen monastery and uncovered a certain casket of treasure teachings"""
49,,"Chokgyur Lingpa founded Neten monastery at the end of his life, and it became the seat of the Chokling incarnation lineage. He died there and his relics were kept at Neten.",False,Founder,,tm.fig.17,tm.mon.41,Chokgyur Lingpa,Neten,"""[Chokgyur Lingpa](tm.fig.17)|[Neten](tm.mon.41)|Founder||Chokgyur Lingpa founded Neten monastery at the end of his life, and it became the seat of the Chokling incarnation lineage. He died there and his relics were kept at Neten."""
50,,Chokgyur Lingpa visited Drigung on a tour of U and Tsang and gave treasure empowerments,False,"Pilgrim, empowerment giver",Drigung Kagyu,tm.fig.17,tm.mon.6,Chokgyur Lingpa,Drigung,"""[Chokgyur Lingpa](tm.fig.17)|[Drigung](tm.mon.6)|Pilgrim, empowerment giver|Drigung Kagyu|Chokgyur Lingpa visited Drigung on a tour of U and Tsang and gave treasure empowerments"""
51,,Chokgyur Lingpa visited Tsurphu on a tour of U and Tsang and gave treasure empowerments. He also met the 14th Karmapa here,False,"pilgrim, empowerment giver",treasure empowerments,tm.fig.17,tm.mon.12,Chokgyur Lingpa,Tsurphu,"""[Chokgyur Lingpa](tm.fig.17)|[Tsurphu](tm.mon.12)|pilgrim, empowerment giver|treasure empowerments|Chokgyur Lingpa visited Tsurphu on a tour of U and Tsang and gave treasure empowerments. He also met the 14th Karmapa here"""
52,,Chokgyur Lingpa visited Samye on a trip to central Tibet toward the end of his life,False,pilgrim,,tm.fig.17,tm.mon.20,Chokgyur Lingpa,Samye,[Chokgyur Lingpa](tm.fig.17)|[Samye](tm.mon.20)|pilgrim||Chokgyur Lingpa visited Samye on a trip to central Tibet toward the end of his life
53,,"Chokgyur Lingpa met Kheyntse Wangpo at Dzongsar, and received initial empowerments. Later on, they collaborated on liturgies for their treasure cycles. Chokgyur Lingpa opened up a sacred cave (confirming that it was a site associated with Padmasambhava) for Khyenste Wangpo and revealed two treasure texts on the site. He also consecrated the nearby cliff hermitage of Rongme Chimo Karmo Taktsang.",False,"student, receiver of empowerments, scholar, treasure revealer","Purba Yangsang Putri, Dzongsar De Sum",tm.fig.17,tm.mon.30,Chokgyur Lingpa,Dzongsar,"""[Chokgyur Lingpa](tm.fig.17)|[Dzongsar](tm.mon.30)|student, receiver of empowerments, scholar, treasure revealer|Purba Yangsang Putri, Dzongsar De Sum|Chokgyur Lingpa met Kheyntse Wangpo at Dzongsar, and received initial empowerments. Later on, they collaborated on liturgies for their treasure cycles. Chokgyur Lingpa opened up a sacred cave (confirming that it was a site associated with Padmasambhava) for Khyenste Wangpo and revealed two treasure texts on the site. He also consecrated the nearby cliff hermitage of Rongme Chimo Karmo Taktsang."""
54,,Chokgyur Lingpa paid a visit to the Fourteenth Karmapa at Karma Gon and the nearby site of Okmin Karma,False,Pilgrim,,tm.fig.17,tm.mon.36,Chokgyur Lingpa,Karma Gon,[Chokgyur Lingpa](tm.fig.17)|[Karma Gon](tm.mon.36)|Pilgrim||Chokgyur Lingpa paid a visit to the Fourteenth Karmapa at Karma Gon and the nearby site of Okmin Karma
55,,"On Chokgyur Lingpa's first visit to Pelpung, he met the Tai Situ incarnation. He was able to gain this meeting due to a treasure prophecy, and was introduced to Jamgon Kongtrul, but he did not receive the authentication he sought. Chokgyur Lingpa did receive bodhisattva vows and tantric vows at Pelpung. On a second visit, he cured Jamgon Kongtrul of an eye disease. He later visited and consecrated Jamgon Kongtrul's hermitage here, and got a much better reception. Chokgyur Lingpa gave Jamgon Kongtrul empowerments of his own treasure revelations, indicating that Jamgon Kongtrul viewed him as an authentic revealer of treasure.",False,"student, empowerment giver",,tm.fig.17,tm.mon.17,Chokgyur Lingpa,Pelpung,"""[Chokgyur Lingpa](tm.fig.17)|[Pelpung](tm.mon.17)|student, empowerment giver||On Chokgyur Lingpa's first visit to Pelpung, he met the Tai Situ incarnation. He was able to gain this meeting due to a treasure prophecy, and was introduced to Jamgon Kongtrul, but he did not receive the authentication he sought. Chokgyur Lingpa did receive bodhisattva vows and tantric vows at Pelpung. On a second visit, he cured Jamgon Kongtrul of an eye disease. He later visited and consecrated Jamgon Kongtrul's hermitage here, and got a much better reception. Chokgyur Lingpa gave Jamgon Kongtrul empowerments of his own treasure revelations, indicating that Jamgon Kongtrul viewed him as an authentic revealer of treasure."""
56,,,False,,,tm.fig.17,tm.mon.18,Chokgyur Lingpa,Tsadra Rinchen Drak,[Chokgyur Lingpa](tm.fig.17)|[Tsadra Rinchen Drak](tm.mon.18)|||
57,,,False,,,tm.fig.18,tm.mon.11,Longchenpa Drime Oser,Sangpu,[Longchenpa Drime Oser](tm.fig.18)|[Sangpu](tm.mon.11)|||
58,,,False,,,tm.fig.18,tm.mon.20,Longchenpa Drime Oser,Samye,[Longchenpa Drime Oser](tm.fig.18)|[Samye](tm.mon.20)|||
59,,,False,,,tm.fig.19,tm.mon.11,Rongton Sheja Kunrig,Sangpu,[Rongton Sheja Kunrig](tm.fig.19)|[Sangpu](tm.mon.11)|||
60,,,False,,,tm.fig.19,tm.mon.22,Rongton Sheja Kunrig,Nalendra,[Rongton Sheja Kunrig](tm.fig.19)|[Nalendra](tm.mon.22)|||
61,,,False,,,tm.fig.20,tm.mon.37,Changkya Rolpai Dorje,Tashilhunpo,[Changkya Rolpai Dorje](tm.fig.20)|[Tashilhunpo](tm.mon.37)|||
62,,,False,,,tm.fig.20,tm.mon.42,Changkya Rolpai Dorje,Gonlung Jampa Ling,[Changkya Rolpai Dorje](tm.fig.20)|[Gonlung Jampa Ling](tm.mon.42)|||
63,,,False,,,tm.fig.21,tm.mon.10,The First Zhamarpa Drakpa Sengge,Jonang,[The First Zhamarpa Drakpa Sengge](tm.fig.21)|[Jonang](tm.mon.10)|||
64,,,False,,,tm.fig.21,tm.mon.11,The First Zhamarpa Drakpa Sengge,Sangpu,[The First Zhamarpa Drakpa Sengge](tm.fig.21)|[Sangpu](tm.mon.11)|||
65,,,False,,,tm.fig.21,tm.mon.12,The First Zhamarpa Drakpa Sengge,Tsurphu,[The First Zhamarpa Drakpa Sengge](tm.fig.21)|[Tsurphu](tm.mon.12)|||
66,,,False,,,tm.fig.21,tm.mon.43,The First Zhamarpa Drakpa Sengge,Dechen Teng,[The First Zhamarpa Drakpa Sengge](tm.fig.21)|[Dechen Teng](tm.mon.43)|||
67,,,False,,,tm.fig.23,tm.mon.8,Gendun Drub (First Dalai Lama),Ganden,[Gendun Drub (First Dalai Lama)](tm.fig.23)|[Ganden](tm.mon.8)|||
68,,,False,,,tm.fig.23,tm.mon.37,Gendun Drub (First Dalai Lama),Tashilhunpo,[Gendun Drub (First Dalai Lama)](tm.fig.23)|[Tashilhunpo](tm.mon.37)|||
69,,,False,,,tm.fig.23,tm.mon.44,Gendun Drub (First Dalai Lama),Nartang,[Gendun Drub (First Dalai Lama)](tm.fig.23)|[Nartang](tm.mon.44)|||
70,,,False,,,tm.fig.25,tm.mon.62,Orgyan Tendzin Norbu,Bodong E,[Orgyan Tendzin Norbu](tm.fig.25)|[Bodong E](tm.mon.62)|||
71,,,False,,,tm.fig.25,tm.mon.79,Orgyan Tendzin Norbu,Kailash,[Orgyan Tendzin Norbu](tm.fig.25)|[Kailash](tm.mon.79)|||
72,,,False,,,tm.fig.26,tm.mon.11,Sonam Tsemo,Sangpu,[Sonam Tsemo](tm.fig.26)|[Sangpu](tm.mon.11)|||
73,,,False,,,tm.fig.26,tm.mon.13,Sonam Tsemo,Sakya,[Sonam Tsemo](tm.fig.26)|[Sakya](tm.mon.13)|||
74,,,False,,,tm.fig.27,tm.mon.10,"""Lama Dampa Sonam Gyeltsen
""",Jonang,"""[Lama Dampa Sonam Gyeltsen
](tm.fig.27)|[Jonang](tm.mon.10)|||"""
75,,,False,,,tm.fig.27,tm.mon.46,"""Lama Dampa Sonam Gyeltsen
""",Nyetang Drolma Lhakang,"""[Lama Dampa Sonam Gyeltsen
](tm.fig.27)|[Nyetang Drolma Lhakang](tm.mon.46)|||"""
76,,,False,,,tm.fig.27,tm.mon.13,"""Lama Dampa Sonam Gyeltsen
""",Sakya,"""[Lama Dampa Sonam Gyeltsen
](tm.fig.27)|[Sakya](tm.mon.13)|||"""
77,,,False,,,tm.fig.28,tm.mon.47,Go Lotsawa Shonnu Pel,Yangpachen,[Go Lotsawa Shonnu Pel](tm.fig.28)|[Yangpachen](tm.mon.47)|||
78,,,False,,,tm.fig.29,tm.mon.37,"""5th Panchen Lama, Lobzang Yeshe""",Tashilhunpo,"""[5th Panchen Lama, Lobzang Yeshe](tm.fig.29)|[Tashilhunpo](tm.mon.37)|||"""
79,,,False,,,tm.fig.29,tm.mon.14,"""5th Panchen Lama, Lobzang Yeshe""",Chakpori,"""[5th Panchen Lama, Lobzang Yeshe](tm.fig.29)|[Chakpori](tm.mon.14)|||"""
80,,,False,,,tm.fig.29,tm.mon.48,"""5th Panchen Lama, Lobzang Yeshe""",Potala,"""[5th Panchen Lama, Lobzang Yeshe](tm.fig.29)|[Potala](tm.mon.48)|||"""
81,,,False,,,tm.fig.30,tm.mon.44,"""Puntsok Pelzang
""",Nartang,"""[Puntsok Pelzang
](tm.fig.30)|[Nartang](tm.mon.44)|||"""
82,,,False,,,tm.fig.30,tm.mon.49,"""Puntsok Pelzang
""",Taklung,"""[Puntsok Pelzang
](tm.fig.30)|[Taklung](tm.mon.49)|||"""
83,,,False,,,tm.fig.30,tm.mon.11,"""Puntsok Pelzang
""",Sangpu,"""[Puntsok Pelzang
](tm.fig.30)|[Sangpu](tm.mon.11)|||"""
84,,,False,,,tm.fig.30,tm.mon.12,"""Puntsok Pelzang
""",Tsurphu,"""[Puntsok Pelzang
](tm.fig.30)|[Tsurphu](tm.mon.12)|||"""
85,,,False,,,tm.fig.31,tm.mon.50,Zhabkar Tsokdruk Rangdrol,Boudanath,[Zhabkar Tsokdruk Rangdrol](tm.fig.31)|[Boudanath](tm.mon.50)|||
86,,,False,,,tm.fig.31,tm.mon.58,Zhabkar Tsokdruk Rangdrol,Dobi Ganden Pelgye Ling,[Zhabkar Tsokdruk Rangdrol](tm.fig.31)|[Dobi Ganden Pelgye Ling](tm.mon.58)|||
87,,,False,,,tm.fig.31,tm.mon.79,Zhabkar Tsokdruk Rangdrol,Kailash,[Zhabkar Tsokdruk Rangdrol](tm.fig.31)|[Kailash](tm.mon.79)|||
88,,,False,,,tm.fig.33,tm.mon.4,"""The First Dzogchen Drubwang, Pema Rigdzin""",Dorje Drak,"""[The First Dzogchen Drubwang, Pema Rigdzin](tm.fig.33)|[Dorje Drak](tm.mon.4)|||"""
89,,,False,,,tm.fig.33,tm.mon.7,"""The First Dzogchen Drubwang, Pema Rigdzin""",Dzogchen,"""[The First Dzogchen Drubwang, Pema Rigdzin](tm.fig.33)|[Dzogchen](tm.mon.7)|||"""
90,,,False,,,tm.fig.33,tm.mon.52,"""The First Dzogchen Drubwang, Pema Rigdzin""",Pelyul,"""[The First Dzogchen Drubwang, Pema Rigdzin](tm.fig.33)|[Pelyul](tm.mon.52)|||"""
91,,,False,,,tm.fig.33,tm.mon.29,"""The First Dzogchen Drubwang, Pema Rigdzin""",Sekhar Gutok,"""[The First Dzogchen Drubwang, Pema Rigdzin](tm.fig.33)|[Sekhar Gutok](tm.mon.29)|||"""
92,,,False,,,tm.fig.33,tm.mon.1,"""The First Dzogchen Drubwang, Pema Rigdzin""",Sera Me,"""[The First Dzogchen Drubwang, Pema Rigdzin](tm.fig.33)|[Sera Me](tm.mon.1)|||"""
93,,,False,,,tm.fig.33,tm.mon.5,"""The First Dzogchen Drubwang, Pema Rigdzin""",Drepung,"""[The First Dzogchen Drubwang, Pema Rigdzin](tm.fig.33)|[Drepung](tm.mon.5)|||"""
94,,,False,,,tm.fig.33,tm.mon.60,"""The First Dzogchen Drubwang, Pema Rigdzin""",Daklha Gampo,"""[The First Dzogchen Drubwang, Pema Rigdzin](tm.fig.33)|[Daklha Gampo](tm.mon.60)|||"""
95,,,False,,,tm.fig.33,tm.mon.49,"""The First Dzogchen Drubwang, Pema Rigdzin""",Taklung,"""[The First Dzogchen Drubwang, Pema Rigdzin](tm.fig.33)|[Taklung](tm.mon.49)|||"""
96,,,False,,,tm.fig.33,tm.mon.12,"""The First Dzogchen Drubwang, Pema Rigdzin""",Tsurphu,"""[The First Dzogchen Drubwang, Pema Rigdzin](tm.fig.33)|[Tsurphu](tm.mon.12)|||"""
97,,,False,,,tm.fig.33,tm.mon.20,"""The First Dzogchen Drubwang, Pema Rigdzin""",Samye,"""[The First Dzogchen Drubwang, Pema Rigdzin](tm.fig.33)|[Samye](tm.mon.20)|||"""
98,,,False,,,tm.fig.33,tm.mon.75,"""The First Dzogchen Drubwang, Pema Rigdzin""",Chamdo Jampa Ling,"""[The First Dzogchen Drubwang, Pema Rigdzin](tm.fig.33)|[Chamdo Jampa Ling](tm.mon.75)|||"""
99,,,False,,,tm.fig.33,tm.mon.40,"""The First Dzogchen Drubwang, Pema Rigdzin""",Reting,"""[The First Dzogchen Drubwang, Pema Rigdzin](tm.fig.33)|[Reting](tm.mon.40)|||"""
100,,,False,,,tm.fig.33,tm.mon.90,"""The First Dzogchen Drubwang, Pema Rigdzin""",Drak Yongdzong,"""[The First Dzogchen Drubwang, Pema Rigdzin](tm.fig.33)|[Drak Yongdzong](tm.mon.90)|||"""
101,,,False,,,tm.fig.34,tm.mon.7,Patrul Orgyen Jigme Chokyi Wangpo,Dzogchen,[Patrul Orgyen Jigme Chokyi Wangpo](tm.fig.34)|[Dzogchen](tm.mon.7)|||
102,,,False,,,tm.fig.34,tm.mon.53,Patrul Orgyen Jigme Chokyi Wangpo,Palge Samten Ling,[Patrul Orgyen Jigme Chokyi Wangpo](tm.fig.34)|[Palge Samten Ling](tm.mon.53)|||
103,,,False,,,tm.fig.34,tm.mon.61,Patrul Orgyen Jigme Chokyi Wangpo,Dzagyel,[Patrul Orgyen Jigme Chokyi Wangpo](tm.fig.34)|[Dzagyel](tm.mon.61)|||
104,,,False,,,tm.fig.36,tm.mon.54,Buton Rinchen Drup,Zhalu,[Buton Rinchen Drup](tm.fig.36)|[Zhalu](tm.mon.54)|||
105,,,False,,,tm.fig.36,tm.mon.44,Buton Rinchen Drup,Nartang,[Buton Rinchen Drup](tm.fig.36)|[Nartang](tm.mon.44)|||
106,,,False,,,tm.fig.36,tm.mon.27,Buton Rinchen Drup,Tsel Gungtang,[Buton Rinchen Drup](tm.fig.36)|[Tsel Gungtang](tm.mon.27)|||
107,,,False,,,tm.fig.36,tm.mon.13,Buton Rinchen Drup,Sakya,[Buton Rinchen Drup](tm.fig.36)|[Sakya](tm.mon.13)|||
108,,,False,,,tm.fig.37,tm.mon.55,Vanaratna,Densatil,[Vanaratna](tm.fig.37)|[Densatil](tm.mon.55)|||
109,,,False,,,tm.fig.37,tm.mon.57,Vanaratna,Ralung,[Vanaratna](tm.fig.37)|[Ralung](tm.mon.57)|||
110,,,False,,,tm.fig.37,tm.mon.81,Vanaratna,Pelkhor Chode,[Vanaratna](tm.fig.37)|[Pelkhor Chode](tm.mon.81)|||
111,,,False,,,tm.fig.37,tm.mon.20,Vanaratna,Samye,[Vanaratna](tm.fig.37)|[Samye](tm.mon.20)|||
112,,,False,,,tm.fig.37,tm.mon.13,Vanaratna,Sakya,[Vanaratna](tm.fig.37)|[Sakya](tm.mon.13)|||
113,,,False,,,tm.fig.37,tm.mon.94,Vanaratna,Lhasa Tsuklakhang,[Vanaratna](tm.fig.37)|[Lhasa Tsuklakhang](tm.mon.94)|||
114,,,False,,,tm.fig.38,tm.mon.5,"""Fifth Dalai Lama, Ngawang Lobzang Gyatso""",Drepung,"""[Fifth Dalai Lama, Ngawang Lobzang Gyatso](tm.fig.38)|[Drepung](tm.mon.5)|||"""
115,,,False,,,tm.fig.38,tm.mon.56,"""Fifth Dalai Lama, Ngawang Lobzang Gyatso""",Arik Gonchen,"""[Fifth Dalai Lama, Ngawang Lobzang Gyatso](tm.fig.38)|[Arik Gonchen](tm.mon.56)|||"""
116,,,False,,,tm.fig.38,tm.mon.94,"""Fifth Dalai Lama, Ngawang Lobzang Gyatso""",Lhasa Tsuklakhang,"""[Fifth Dalai Lama, Ngawang Lobzang Gyatso](tm.fig.38)|[Lhasa Tsuklakhang](tm.mon.94)|||"""
117,,,False,,,tm.fig.38,tm.mon.48,"""Fifth Dalai Lama, Ngawang Lobzang Gyatso""",Potala,"""[Fifth Dalai Lama, Ngawang Lobzang Gyatso](tm.fig.38)|[Potala](tm.mon.48)|||"""
118,,,False,,,tm.fig.39,tm.mon.57,Dolpopa Sherab Gyaltsen,Ralung,[Dolpopa Sherab Gyaltsen](tm.fig.39)|[Ralung](tm.mon.57)|||
119,,,False,,,tm.fig.39,tm.mon.10,Dolpopa Sherab Gyaltsen,Jonang,[Dolpopa Sherab Gyaltsen](tm.fig.39)|[Jonang](tm.mon.10)|||
120,,,False,,,tm.fig.39,tm.mon.12,Dolpopa Sherab Gyaltsen,Tsurphu,[Dolpopa Sherab Gyaltsen](tm.fig.39)|[Tsurphu](tm.mon.12)|||
122,,,False,,,tm.fig.39,tm.mon.76,Dolpopa Sherab Gyaltsen,Nenying,[Dolpopa Sherab Gyaltsen](tm.fig.39)|[Nenying](tm.mon.76)|||
123,,,False,,,tm.fig.39,tm.mon.13,Dolpopa Sherab Gyaltsen,Sakya,[Dolpopa Sherab Gyaltsen](tm.fig.39)|[Sakya](tm.mon.13)|||
124,,,False,,,tm.fig.40,tm.mon.36,14th Karmapa Tekchok Dorje,Karma Gon,[14th Karmapa Tekchok Dorje](tm.fig.40)|[Karma Gon](tm.mon.36)|||
125,,,False,,,tm.fig.40,tm.mon.12,14th Karmapa Tekchok Dorje,Tsurphu,[14th Karmapa Tekchok Dorje](tm.fig.40)|[Tsurphu](tm.mon.12)|||
126,,,False,,,tm.fig.41,tm.mon.20,Pang Lotsawa Lodro Tenpa,Samye,[Pang Lotsawa Lodro Tenpa](tm.fig.41)|[Samye](tm.mon.20)|||
127,,,False,,,tm.fig.41,tm.mon.62,Pang Lotsawa Lodro Tenpa,Bodong E,[Pang Lotsawa Lodro Tenpa](tm.fig.41)|[Bodong E](tm.mon.62)|||
128,,,False,,,tm.fig.42,tm.mon.28,Arik Geshe Jampa Gelek Gyeltsen,Kumbum Jampa Ling,[Arik Geshe Jampa Gelek Gyeltsen](tm.fig.42)|[Kumbum Jampa Ling](tm.mon.28)|||
129,,,False,,,tm.fig.42,tm.mon.63,Arik Geshe Jampa Gelek Gyeltsen,Purbuchok,[Arik Geshe Jampa Gelek Gyeltsen](tm.fig.42)|[Purbuchok](tm.mon.63)|||
130,,,False,,,tm.fig.42,tm.mon.71,Arik Geshe Jampa Gelek Gyeltsen,Amdo Chubzang,[Arik Geshe Jampa Gelek Gyeltsen](tm.fig.42)|[Amdo Chubzang](tm.mon.71)|||
131,,,False,,,tm.fig.43,tm.mon.23,Khedrup Norzang Gyatso,Ngor,[Khedrup Norzang Gyatso](tm.fig.43)|[Ngor](tm.mon.23)|||
132,,,False,,,tm.fig.43,tm.mon.13,Khedrup Norzang Gyatso,Sakya,[Khedrup Norzang Gyatso](tm.fig.43)|[Sakya](tm.mon.13)|||
133,,,False,,,tm.fig.44,tm.mon.39,Nyima Drakpa,Mindroling,[Nyima Drakpa](tm.fig.44)|[Mindroling](tm.mon.39)|||
134,,,False,,,tm.fig.44,tm.mon.7,Nyima Drakpa,Dzogchen,[Nyima Drakpa](tm.fig.44)|[Dzogchen](tm.mon.7)|||
135,,,False,,,tm.fig.44,tm.mon.15,Nyima Drakpa,Shechen,[Nyima Drakpa](tm.fig.44)|[Shechen](tm.mon.15)|||
136,,,False,,,tm.fig.44,tm.mon.20,Nyima Drakpa,Samye,[Nyima Drakpa](tm.fig.44)|[Samye](tm.mon.20)|||
137,,,False,,,tm.fig.44,tm.mon.65,Nyima Drakpa,Lhundrubteng,[Nyima Drakpa](tm.fig.44)|[Lhundrubteng](tm.mon.65)|||
138,,,False,,,tm.fig.44,tm.mon.19,Nyima Drakpa,Pelri Osel Tekchenling,[Nyima Drakpa](tm.fig.44)|[Pelri Osel Tekchenling](tm.mon.19)|||
139,,,False,,,tm.fig.45,tm.mon.7,"""The Third Dodrubchen, Jigme Tenpai Nyima""",Dzogchen,"""[The Third Dodrubchen, Jigme Tenpai Nyima](tm.fig.45)|[Dzogchen](tm.mon.7)|||"""
140,,,False,,,tm.fig.45,tm.mon.66,"""The Third Dodrubchen, Jigme Tenpai Nyima""",Dodrupchen,"""[The Third Dodrubchen, Jigme Tenpai Nyima](tm.fig.45)|[Dodrupchen](tm.mon.66)|||"""
141,,,False,,,tm.fig.45,tm.mon.61,"""The Third Dodrubchen, Jigme Tenpai Nyima""",Dzagyel,"""[The Third Dodrubchen, Jigme Tenpai Nyima](tm.fig.45)|[Dzagyel](tm.mon.61)|||"""
142,,,False,,,tm.fig.46,tm.mon.55,Pakmodrupa Dorje Gyalpo,Densatil,[Pakmodrupa Dorje Gyalpo](tm.fig.46)|[Densatil](tm.mon.55)|||
143,,,False,,,tm.fig.46,tm.mon.67,Pakmodrupa Dorje Gyalpo,Jang Tana,[Pakmodrupa Dorje Gyalpo](tm.fig.46)|[Jang Tana](tm.mon.67)|||
144,,,False,,,tm.fig.47,tm.mon.10,Chokle Namgyel,Jonang,[Chokle Namgyel](tm.fig.47)|[Jonang](tm.mon.10)|||
145,,,False,,,tm.fig.47,tm.mon.68,Chokle Namgyel,Drakram,[Chokle Namgyel](tm.fig.47)|[Drakram](tm.mon.68)|||
146,,,False,,,tm.fig.47,tm.mon.13,Chokle Namgyel,Sakya,[Chokle Namgyel](tm.fig.47)|[Sakya](tm.mon.13)|||
147,,,False,,,tm.fig.47,tm.mon.83,Chokle Namgyel,Sekharchung,[Chokle Namgyel](tm.fig.47)|[Sekharchung](tm.mon.83)|||
148,,,False,,,tm.fig.48,tm.mon.57,"""Second Drukchen, Kunga Peljor""",Ralung,"""[Second Drukchen, Kunga Peljor](tm.fig.48)|[Ralung](tm.mon.57)|||"""
149,,,False,,,tm.fig.49,tm.mon.5,"""The Second Changkya, Ngawang Lobzang Choden""",Drepung,"""[The Second Changkya, Ngawang Lobzang Choden](tm.fig.49)|[Drepung](tm.mon.5)|||"""
150,,,False,,,tm.fig.49,tm.mon.37,"""The Second Changkya, Ngawang Lobzang Choden""",Tashilhunpo,"""[The Second Changkya, Ngawang Lobzang Choden](tm.fig.49)|[Tashilhunpo](tm.mon.37)|||"""
151,,,False,,,tm.fig.49,tm.mon.28,"""The Second Changkya, Ngawang Lobzang Choden""",Kumbum Jampa Ling,"""[The Second Changkya, Ngawang Lobzang Choden](tm.fig.49)|[Kumbum Jampa Ling](tm.mon.28)|||"""
152,,,False,,,tm.fig.49,tm.mon.69,"""The Second Changkya, Ngawang Lobzang Choden""",Labrang Tashikhyil,"""[The Second Changkya, Ngawang Lobzang Choden](tm.fig.49)|[Labrang Tashikhyil](tm.mon.69)|||"""
153,,,False,,,tm.fig.49,tm.mon.42,"""The Second Changkya, Ngawang Lobzang Choden""",Gonlung Jampa Ling,"""[The Second Changkya, Ngawang Lobzang Choden](tm.fig.49)|[Gonlung Jampa Ling](tm.mon.42)|||"""
154,,,False,,,tm.fig.104,tm.mon.13,"""The First Samding Dorje Phakmo, Chokyi Dronma""",Sakya,"""[The First Samding Dorje Phakmo, Chokyi Dronma](tm.fig.104)|[Sakya](tm.mon.13)|||"""
155,,,False,,,tm.fig.106,tm.mon.20,Yeshe Tsogyel,Samye,[Yeshe Tsogyel](tm.fig.106)|[Samye](tm.mon.20)|||
156,,,False,,,tm.fig.106,tm.mon.90,Yeshe Tsogyel,Drak Yongdzong,[Yeshe Tsogyel](tm.fig.106)|[Drak Yongdzong](tm.mon.90)|||
157,,,False,,,tm.fig.102,tm.mon.101,Machik Labdron,Dingri Langkhor,[Machik Labdron](tm.fig.102)|[Dingri Langkhor](tm.mon.101)|||
158,,,False,,,tm.fig.102,tm.mon.102,Machik Labdron,Zangri Kangmar,[Machik Labdron](tm.fig.102)|[Zangri Kangmar](tm.mon.102)|||
159,,,False,,,tm.fig.104,tm.mon.103,"""The First Samding Dorje Phakmo, Chokyi Dronma""",Porong Pelmo Choding,"""[The First Samding Dorje Phakmo, Chokyi Dronma](tm.fig.104)|[Porong Pelmo Choding](tm.mon.103)|||"""
160,,,False,,,tm.fig.104,tm.mon.104,"""The First Samding Dorje Phakmo, Chokyi Dronma""",Chakzam Chuwori,"""[The First Samding Dorje Phakmo, Chokyi Dronma](tm.fig.104)|[Chakzam Chuwori](tm.mon.104)|||"""
161,,,False,,,tm.fig.104,tm.mon.105,"""The First Samding Dorje Phakmo, Chokyi Dronma""",Samding,"""[The First Samding Dorje Phakmo, Chokyi Dronma](tm.fig.104)|[Samding](tm.mon.105)|||"""
162,,,False,,,tm.fig.104,tm.mon.106,"""The First Samding Dorje Phakmo, Chokyi Dronma""",Tsibri,"""[The First Samding Dorje Phakmo, Chokyi Dronma](tm.fig.104)|[Tsibri](tm.mon.106)|||"""
163,,,False,,,tm.fig.106,tm.mon.107,Yeshe Tsogyel,Samye Chimpu,[Yeshe Tsogyel](tm.fig.106)|[Samye Chimpu](tm.mon.107)|||
164,,,False,,,tm.fig.106,tm.mon.108,Yeshe Tsogyel,Paro Taktsang,[Yeshe Tsogyel](tm.fig.106)|[Paro Taktsang](tm.mon.108)|||
165,,,False,,,tm.fig.107,tm.mon.109,Gelongma Pelmo,Bodhgaya,[Gelongma Pelmo](tm.fig.107)|[Bodhgaya](tm.mon.109)|||
166,,,False,,,tm.fig.107,tm.mon.110,Gelongma Pelmo,Chobor,[Gelongma Pelmo](tm.fig.107)|[Chobor](tm.mon.110)|||
167,,,False,,,tm.fig.108,tm.mon.111,Machik Zhama,Kharta Tarpaling,[Machik Zhama](tm.fig.108)|[Kharta Tarpaling](tm.mon.111)|||
168,,,False,,,tm.fig.109,tm.mon.112,Sonam Peldren,Ya Nga Chamda Ganden Khacho Ling,[Sonam Peldren](tm.fig.109)|[Ya Nga Chamda Ganden Khacho Ling](tm.mon.112)|||
169,,,False,,,tm.fig.110,tm.mon.113,Kunzang Chokyi Drolma,Shukchung Monastery,[Kunzang Chokyi Drolma](tm.fig.110)|[Shukchung Monastery](tm.mon.113)|||
170,,,False,,,tm.fig.111,tm.mon.10,Jetsunma Kung Trinle Wangmo,Jonang,[Jetsunma Kung Trinle Wangmo](tm.fig.111)|[Jonang](tm.mon.10)|||
171,,,False,,,tm.fig.111,tm.mon.114,Jetsunma Kung Trinle Wangmo,Takten Punstok Ling,[Jetsunma Kung Trinle Wangmo](tm.fig.111)|[Takten Punstok Ling](tm.mon.114)|||
172,,,False,,,tm.fig.112,tm.mon.39,Mingyur Peldron,Mindroling,[Mingyur Peldron](tm.fig.112)|[Mindroling](tm.mon.39)|||
173,,,False,,,tm.fig.113,tm.mon.7,Tsering Wangmo,Dzogchen,[Tsering Wangmo](tm.fig.113)|[Dzogchen](tm.mon.7)|||
174,,,False,,,tm.fig.113,tm.mon.115,Tsering Wangmo,Drakkar Tashiding,[Tsering Wangmo](tm.fig.113)|[Drakkar Tashiding](tm.mon.115)|||
175,,,False,,,tm.fig.114,tm.mon.12,Khendro Tsering Chodron,Tsurphu,[Khendro Tsering Chodron](tm.fig.114)|[Tsurphu](tm.mon.12)|||
176,,,False,,,tm.fig.114,tm.mon.20,Khendro Tsering Chodron,Samye,[Khendro Tsering Chodron](tm.fig.114)|[Samye](tm.mon.20)|||
177,,,False,,,tm.fig.114,tm.mon.30,Khendro Tsering Chodron,Dzongsar,[Khendro Tsering Chodron](tm.fig.114)|[Dzongsar](tm.mon.30)|||
178,,,False,,,tm.fig.114,tm.mon.13,Khendro Tsering Chodron,Sakya,[Khendro Tsering Chodron](tm.fig.114)|[Sakya](tm.mon.13)|||
179,,,False,,,tm.fig.114,tm.mon.109,Khendro Tsering Chodron,Bodhgaya,[Khendro Tsering Chodron](tm.fig.114)|[Bodhgaya](tm.mon.109)|||
180,,,False,,,tm.fig.114,tm.mon.116,Khendro Tsering Chodron,Yamdrok Lake,[Khendro Tsering Chodron](tm.fig.114)|[Yamdrok Lake](tm.mon.116)|||
181,,,False,,,tm.fig.114,tm.mon.117,Khendro Tsering Chodron,Lerab Ling,[Khendro Tsering Chodron](tm.fig.114)|[Lerab Ling](tm.mon.117)|||
182,,,False,,,tm.fig.114,tm.mon.118,Khendro Tsering Chodron,Khyungtak,[Khendro Tsering Chodron](tm.fig.114)|[Khyungtak](tm.mon.118)|||
183,,,False,,,tm.fig.115,tm.mon.119,Ani Trinle Chodron,Taser,[Ani Trinle Chodron](tm.fig.115)|[Taser](tm.mon.119)|||
184,,,False,,,tm.fig.115,tm.mon.120,Ani Trinle Chodron,Ru Gonsar,[Ani Trinle Chodron](tm.fig.115)|[Ru Gonsar](tm.mon.120)|||
185,,,False,,,tm.fig.50,tm.mon.13,Yonten Gyatso,Sakya,[Yonten Gyatso](tm.fig.50)|[Sakya](tm.mon.13)|||
186,,,False,,,tm.fig.50,tm.mon.121,Yonten Gyatso,Dar Drongmoche,[Yonten Gyatso](tm.fig.50)|[Dar Drongmoche](tm.mon.121)|||
187,,,False,,,tm.fig.51,tm.mon.39,Pema Rangdol,Mindroling,[Pema Rangdol](tm.fig.51)|[Mindroling](tm.mon.39)|||
188,,,False,,,tm.fig.51,tm.mon.4,Pema Rangdol,Dorje Drak,[Pema Rangdol](tm.fig.51)|[Dorje Drak](tm.mon.4)|||
189,,,False,,,tm.fig.51,tm.mon.37,Pema Rangdol,Tashilhunpo,[Pema Rangdol](tm.fig.51)|[Tashilhunpo](tm.mon.37)|||
190,,,False,,,tm.fig.51,tm.mon.20,Pema Rangdol,Samye,[Pema Rangdol](tm.fig.51)|[Samye](tm.mon.20)|||
191,,,False,,,tm.fig.51,tm.mon.71,Pema Rangdol,Amdo Chubzang,[Pema Rangdol](tm.fig.51)|[Amdo Chubzang](tm.mon.71)|||
192,,,False,,,tm.fig.52,tm.mon.8,"""The Eighth Ganden Tripa, Monlam Pelwa""",Ganden,"""[The Eighth Ganden Tripa, Monlam Pelwa](tm.fig.52)|[Ganden](tm.mon.8)|||"""
193,,,False,,,tm.fig.52,tm.mon.5,"""The Eighth Ganden Tripa, Monlam Pelwa""",Drepung,"""[The Eighth Ganden Tripa, Monlam Pelwa](tm.fig.52)|[Drepung](tm.mon.5)|||"""
194,,,False,,,tm.fig.52,tm.mon.37,"""The Eighth Ganden Tripa, Monlam Pelwa""",Tashilhunpo,"""[The Eighth Ganden Tripa, Monlam Pelwa](tm.fig.52)|[Tashilhunpo](tm.mon.37)|||"""
195,,,False,,,tm.fig.53,tm.mon.32,Dudul Dorje,Katok,[Dudul Dorje](tm.fig.53)|[Katok](tm.mon.32)|||
196,,,False,,,tm.fig.53,tm.mon.52,Dudul Dorje,Pelyul,[Dudul Dorje](tm.fig.53)|[Pelyul](tm.mon.52)|||
197,,,False,,,tm.fig.53,tm.mon.23,Dudul Dorje,Ngor,[Dudul Dorje](tm.fig.53)|[Ngor](tm.mon.23)|||
198,,,False,,,tm.fig.53,tm.mon.20,Dudul Dorje,Samye,[Dudul Dorje](tm.fig.53)|[Samye](tm.mon.20)|||
199,,,False,,,tm.fig.53,tm.mon.65,Dudul Dorje,Lhundrubteng,[Dudul Dorje](tm.fig.53)|[Lhundrubteng](tm.mon.65)|||
200,,,False,,,tm.fig.53,tm.mon.72,Dudul Dorje,Bangri Jokpo,[Dudul Dorje](tm.fig.53)|[Bangri Jokpo](tm.mon.72)|||
201,,,False,,,tm.fig.53,tm.mon.13,Dudul Dorje,Sakya,[Dudul Dorje](tm.fig.53)|[Sakya](tm.mon.13)|||
203,,,False,,,tm.fig.53,tm.mon.94,Dudul Dorje,Lhasa Tsuklakhang,[Dudul Dorje](tm.fig.53)|[Lhasa Tsuklakhang](tm.mon.94)|||
204,,,False,,,tm.fig.53,tm.mon.96,Dudul Dorje,Muksang,[Dudul Dorje](tm.fig.53)|[Muksang](tm.mon.96)|||
205,,,False,,,tm.fig.54,tm.mon.15,"""The Fourth Shechen Gyaltsab, Pema Namgyel""",Shechen,"""[The Fourth Shechen Gyaltsab, Pema Namgyel](tm.fig.54)|[Shechen](tm.mon.15)|||"""
206,,,False,,,tm.fig.55,tm.mon.36,"""The Ninth Situ, Pema Nyinje Wangpo""",Karma Gon,"""[The Ninth Situ, Pema Nyinje Wangpo](tm.fig.55)|[Karma Gon](tm.mon.36)|||"""
207,,,False,,,tm.fig.55,tm.mon.17,"""The Ninth Situ, Pema Nyinje Wangpo""",Pelpung,"""[The Ninth Situ, Pema Nyinje Wangpo](tm.fig.55)|[Pelpung](tm.mon.17)|||"""
208,,,False,,,tm.fig.56,tm.mon.54,Sabzang Mati Panchen Lodro Gyeltsen,Zhalu,[Sabzang Mati Panchen Lodro Gyeltsen](tm.fig.56)|[Zhalu](tm.mon.54)|||
209,,,False,,,tm.fig.56,tm.mon.57,Sabzang Mati Panchen Lodro Gyeltsen,Ralung,[Sabzang Mati Panchen Lodro Gyeltsen](tm.fig.56)|[Ralung](tm.mon.57)|||
210,,,False,,,tm.fig.56,tm.mon.10,Sabzang Mati Panchen Lodro Gyeltsen,Jonang,[Sabzang Mati Panchen Lodro Gyeltsen](tm.fig.56)|[Jonang](tm.mon.10)|||
211,,,False,,,tm.fig.56,tm.mon.46,Sabzang Mati Panchen Lodro Gyeltsen,Nyetang Drolma Lhakang,[Sabzang Mati Panchen Lodro Gyeltsen](tm.fig.56)|[Nyetang Drolma Lhakang](tm.mon.46)|||
212,,,False,,,tm.fig.56,tm.mon.74,Sabzang Mati Panchen Lodro Gyeltsen,Sabzang Ganden,[Sabzang Mati Panchen Lodro Gyeltsen](tm.fig.56)|[Sabzang Ganden](tm.mon.74)|||
213,,,False,,,tm.fig.56,tm.mon.13,Sabzang Mati Panchen Lodro Gyeltsen,Sakya,[Sabzang Mati Panchen Lodro Gyeltsen](tm.fig.56)|[Sakya](tm.mon.13)|||
214,,,False,,,tm.fig.57,tm.mon.75,"""The First Purchok, Ngawang Jampa""",Chamdo Jampa Ling,"""[The First Purchok, Ngawang Jampa](tm.fig.57)|[Chamdo Jampa Ling](tm.mon.75)|||"""
215,,,False,,,tm.fig.57,tm.mon.63,"""The First Purchok, Ngawang Jampa""",Purbuchok,"""[The First Purchok, Ngawang Jampa](tm.fig.57)|[Purbuchok](tm.mon.63)|||"""
216,,,False,,,tm.fig.58,tm.mon.54,Khyenrab Wangchuk Drakpa Zangpo,Zhalu,[Khyenrab Wangchuk Drakpa Zangpo ](tm.fig.58)|[Zhalu](tm.mon.54)|||
217,,,False,,,tm.fig.58,tm.mon.8,Khyenrab Wangchuk Drakpa Zangpo,Ganden,[Khyenrab Wangchuk Drakpa Zangpo ](tm.fig.58)|[Ganden](tm.mon.8)|||
218,,,False,,,tm.fig.58,tm.mon.44,Khyenrab Wangchuk Drakpa Zangpo,Nartang,[Khyenrab Wangchuk Drakpa Zangpo ](tm.fig.58)|[Nartang](tm.mon.44)|||
219,,,False,,,tm.fig.58,tm.mon.11,Khyenrab Wangchuk Drakpa Zangpo,Sangpu,[Khyenrab Wangchuk Drakpa Zangpo ](tm.fig.58)|[Sangpu](tm.mon.11)|||
220,,,False,,,tm.fig.58,tm.mon.76,Khyenrab Wangchuk Drakpa Zangpo,Nenying,[Khyenrab Wangchuk Drakpa Zangpo ](tm.fig.58)|[Nenying](tm.mon.76)|||
221,,,False,,,tm.fig.58,tm.mon.87,Khyenrab Wangchuk Drakpa Zangpo,Rato,[Khyenrab Wangchuk Drakpa Zangpo ](tm.fig.58)|[Rato](tm.mon.87)|||
222,,,False,,,tm.fig.58,tm.mon.89,Khyenrab Wangchuk Drakpa Zangpo,Taktse Rinchen Gang,[Khyenrab Wangchuk Drakpa Zangpo ](tm.fig.58)|[Taktse Rinchen Gang](tm.mon.89)|||
223,,,False,,,tm.fig.58,tm.mon.13,Khyenrab Wangchuk Drakpa Zangpo,Sakya,[Khyenrab Wangchuk Drakpa Zangpo ](tm.fig.58)|[Sakya](tm.mon.13)|||
224,,,False,,,tm.fig.58,tm.mon.62,Khyenrab Wangchuk Drakpa Zangpo,Bodong E,[Khyenrab Wangchuk Drakpa Zangpo ](tm.fig.58)|[Bodong E](tm.mon.62)|||
225,,,False,,,tm.fig.59,tm.mon.4,"""The Fourth Dorje Drak Rigdzin, Pema Trinle""",Dorje Drak,"""[The Fourth Dorje Drak Rigdzin, Pema Trinle](tm.fig.59)|[Dorje Drak](tm.mon.4)|||"""
226,,,False,,,tm.fig.59,tm.mon.77,"""The Fourth Dorje Drak Rigdzin, Pema Trinle""",Monkhar Namseling,"""[The Fourth Dorje Drak Rigdzin, Pema Trinle](tm.fig.59)|[Monkhar Namseling](tm.mon.77)|||"""
227,,,False,,,tm.fig.59,tm.mon.90,"""The Fourth Dorje Drak Rigdzin, Pema Trinle""",Drak Yongdzong,"""[The Fourth Dorje Drak Rigdzin, Pema Trinle](tm.fig.59)|[Drak Yongdzong](tm.mon.90)|||"""
228,,,False,,,tm.fig.60,tm.mon.32,"""The Second Dzongsar Khyentse, Jamyang Khyenste Chokyi Lodro""",Katok,"""[The Second Dzongsar Khyentse, Jamyang Khyenste Chokyi Lodro](tm.fig.60)|[Katok](tm.mon.32)|||"""
229,,,False,,,tm.fig.60,tm.mon.15,"""The Second Dzongsar Khyentse, Jamyang Khyenste Chokyi Lodro""",Shechen,"""[The Second Dzongsar Khyentse, Jamyang Khyenste Chokyi Lodro](tm.fig.60)|[Shechen](tm.mon.15)|||"""
230,,,False,,,tm.fig.60,tm.mon.23,"""The Second Dzongsar Khyentse, Jamyang Khyenste Chokyi Lodro""",Ngor,"""[The Second Dzongsar Khyentse, Jamyang Khyenste Chokyi Lodro](tm.fig.60)|[Ngor](tm.mon.23)|||"""
231,,,False,,,tm.fig.60,tm.mon.78,"""The Second Dzongsar Khyentse, Jamyang Khyenste Chokyi Lodro""",Adzom Gar,"""[The Second Dzongsar Khyentse, Jamyang Khyenste Chokyi Lodro](tm.fig.60)|[Adzom Gar](tm.mon.78)|||"""
232,,,False,,,tm.fig.60,tm.mon.30,"""The Second Dzongsar Khyentse, Jamyang Khyenste Chokyi Lodro""",Dzongsar,"""[The Second Dzongsar Khyentse, Jamyang Khyenste Chokyi Lodro](tm.fig.60)|[Dzongsar](tm.mon.30)|||"""
233,,,False,,,tm.fig.60,tm.mon.65,"""The Second Dzongsar Khyentse, Jamyang Khyenste Chokyi Lodro""",Lhundrubteng,"""[The Second Dzongsar Khyentse, Jamyang Khyenste Chokyi Lodro](tm.fig.60)|[Lhundrubteng](tm.mon.65)|||"""
234,,,False,,,tm.fig.60,tm.mon.17,"""The Second Dzongsar Khyentse, Jamyang Khyenste Chokyi Lodro""",Pelpung,"""[The Second Dzongsar Khyentse, Jamyang Khyenste Chokyi Lodro](tm.fig.60)|[Pelpung](tm.mon.17)|||"""
235,,,False,,,tm.fig.61,tm.mon.55,Jikten Gonpo Rinchen Pel,Densatil,[Jikten Gonpo Rinchen Pel](tm.fig.61)|[Densatil](tm.mon.55)|||
236,,,False,,,tm.fig.61,tm.mon.6,Jikten Gonpo Rinchen Pel,Drigung,[Jikten Gonpo Rinchen Pel](tm.fig.61)|[Drigung](tm.mon.6)|||
237,,,False,,,tm.fig.61,tm.mon.79,Jikten Gonpo Rinchen Pel,Kailash,[Jikten Gonpo Rinchen Pel](tm.fig.61)|[Kailash](tm.mon.79)|||
238,,,False,,,tm.fig.62,tm.mon.46,Nyawon Kunga Pel,Nyetang Drolma Lhakang,[Nyawon Kunga Pel](tm.fig.62)|[Nyetang Drolma Lhakang](tm.mon.46)|||
239,,,False,,,tm.fig.62,tm.mon.80,Nyawon Kunga Pel,Tsechen,[Nyawon Kunga Pel](tm.fig.62)|[Tsechen](tm.mon.80)|||
240,,,False,,,tm.fig.63,tm.mon.81,Tsangnyon Heruka,Pelkhor Chode,[Tsangnyon Heruka](tm.fig.63)|[Pelkhor Chode](tm.mon.81)|||
241,,,False,,,tm.fig.63,tm.mon.93,Tsangnyon Heruka,Swayambhunath,[Tsangnyon Heruka](tm.fig.63)|[Swayambhunath](tm.mon.93)|||
242,,,False,,,tm.fig.63,tm.mon.79,Tsangnyon Heruka,Kailash,[Tsangnyon Heruka](tm.fig.63)|[Kailash](tm.mon.79)|||
245,,,False,,,tm.fig.64,tm.mon.69,"""The First Jamyang Zhepa, Jamyang Zhepai Dorje""",Labrang Tashikhyil,"""[The First Jamyang Zhepa, Jamyang Zhepai Dorje](tm.fig.64)|[Labrang Tashikhyil](tm.mon.69)|||"""
246,,,False,,,tm.fig.64,tm.mon.11,"""The First Jamyang Zhepa, Jamyang Zhepai Dorje""",Sangpu,"""[The First Jamyang Zhepa, Jamyang Zhepai Dorje](tm.fig.64)|[Sangpu](tm.mon.11)|||"""
247,,,False,,,tm.fig.64,tm.mon.42,"""The First Jamyang Zhepa, Jamyang Zhepai Dorje""",Gonlung Jampa Ling,"""[The First Jamyang Zhepa, Jamyang Zhepai Dorje](tm.fig.64)|[Gonlung Jampa Ling](tm.mon.42)|||"""
248,,,False,,,tm.fig.64,tm.mon.51,"""The First Jamyang Zhepa, Jamyang Zhepai Dorje""",Gyume Dratsang (Lower Tantric College),"""[The First Jamyang Zhepa, Jamyang Zhepai Dorje](tm.fig.64)|[Gyume Dratsang (Lower Tantric College)](tm.mon.51)|||"""
249,,,False,,,tm.fig.64,tm.mon.82,"""The First Jamyang Zhepa, Jamyang Zhepai Dorje""",Riwo Gepel,"""[The First Jamyang Zhepa, Jamyang Zhepai Dorje](tm.fig.64)|[Riwo Gepel](tm.mon.82)|||"""
250,,,False,,,tm.fig.64,tm.mon.5,"""The First Jamyang Zhepa, Jamyang Zhepai Dorje""",Drepung,"""[The First Jamyang Zhepa, Jamyang Zhepai Dorje](tm.fig.64)|[Drepung](tm.mon.5)|||"""
251,,,False,,,tm.fig.64,tm.mon.94,"""The First Jamyang Zhepa, Jamyang Zhepai Dorje""",Lhasa Tsuklakhang,"""[The First Jamyang Zhepa, Jamyang Zhepai Dorje](tm.fig.64)|[Lhasa Tsuklakhang](tm.mon.94)|||"""
252,,,False,,,tm.fig.65,tm.mon.10,Tukje Tsondru,Jonang,[Tukje Tsondru](tm.fig.65)|[Jonang](tm.mon.10)|||
253,,,False,,,tm.fig.65,tm.mon.31,Tukje Tsondru,Kyangdur,[Tukje Tsondru](tm.fig.65)|[Kyangdur](tm.mon.31)|||
254,,,False,,,tm.fig.65,tm.mon.95,Tukje Tsondru,Khacho Deden,[Tukje Tsondru](tm.fig.65)|[Khacho Deden](tm.mon.95)|||
255,,,False,,,tm.fig.66,tm.mon.39,Changlung Pelchen Namkha Jigme,Mindroling,[Changlung Pelchen Namkha Jigme](tm.fig.66)|[Mindroling](tm.mon.39)|||
243,,,False,,,tm.fig.66,tm.mon.84,Changlung Pelchen Namkha Jigme,Khyunggon,[Changlung Pelchen Namkha Jigme](tm.fig.66)|[Khyunggon](tm.mon.84)|||
256,,,False,,,tm.fig.67,tm.mon.8,Jamyang Choje Tashi Pelden,Ganden,[Jamyang Choje Tashi Pelden](tm.fig.67)|[Ganden](tm.mon.8)|||
257,,,False,,,tm.fig.67,tm.mon.5,Jamyang Choje Tashi Pelden,Drepung,[Jamyang Choje Tashi Pelden](tm.fig.67)|[Drepung](tm.mon.5)|||
258,,,False,,,tm.fig.67,tm.mon.11,Jamyang Choje Tashi Pelden,Sangpu,[Jamyang Choje Tashi Pelden](tm.fig.67)|[Sangpu](tm.mon.11)|||
259,,,False,,,tm.fig.68,tm.mon.32,Namcho Mingyur Dorje,Katok,[Namcho Mingyur Dorje](tm.fig.68)|[Katok](tm.mon.32)|||
260,,,False,,,tm.fig.68,tm.mon.52,Namcho Mingyur Dorje,Pelyul,[Namcho Mingyur Dorje](tm.fig.68)|[Pelyul](tm.mon.52)|||
261,,,False,,,tm.fig.68,tm.mon.85,Namcho Mingyur Dorje,Garje,[Namcho Mingyur Dorje](tm.fig.68)|[Garje](tm.mon.85)|||
262,,,False,,,tm.fig.68,tm.mon.96,Namcho Mingyur Dorje,Muksang,[Namcho Mingyur Dorje](tm.fig.68)|[Muksang](tm.mon.96)|||
263,,,False,,,tm.fig.69,tm.mon.7,Dilgo Khyentse Tashi Peljor,Dzogchen,[Dilgo Khyentse Tashi Peljor](tm.fig.69)|[Dzogchen](tm.mon.7)|||
264,,,False,,,tm.fig.69,tm.mon.15,Dilgo Khyentse Tashi Peljor,Shechen,[Dilgo Khyentse Tashi Peljor](tm.fig.69)|[Shechen](tm.mon.15)|||
265,,,False,,,tm.fig.69,tm.mon.36,Dilgo Khyentse Tashi Peljor,Karma Gon,[Dilgo Khyentse Tashi Peljor](tm.fig.69)|[Karma Gon](tm.mon.36)|||
266,,,False,,,tm.fig.69,tm.mon.17,Dilgo Khyentse Tashi Peljor,Pelpung,[Dilgo Khyentse Tashi Peljor](tm.fig.69)|[Pelpung](tm.mon.17)|||
267,,,False,,,tm.fig.69,tm.mon.86,Dilgo Khyentse Tashi Peljor,Jyekundo Dondrub Ling,[Dilgo Khyentse Tashi Peljor](tm.fig.69)|[Jyekundo Dondrub Ling](tm.mon.86)|||
268,,,False,,,tm.fig.71,tm.mon.122,Longdol Lama Ngawang Lobzang,Sera,[Longdol Lama Ngawang Lobzang](tm.fig.71)|[Sera](tm.mon.122)|||
269,,,False,,,tm.fig.71,tm.mon.5,Longdol Lama Ngawang Lobzang,Drepung,[Longdol Lama Ngawang Lobzang](tm.fig.71)|[Drepung](tm.mon.5)|||
270,,,False,,,tm.fig.71,tm.mon.37,Longdol Lama Ngawang Lobzang,Tashilhunpo,[Longdol Lama Ngawang Lobzang](tm.fig.71)|[Tashilhunpo](tm.mon.37)|||
271,,,False,,,tm.fig.71,tm.mon.11,Longdol Lama Ngawang Lobzang,Sangpu,[Longdol Lama Ngawang Lobzang](tm.fig.71)|[Sangpu](tm.mon.11)|||
272,,,False,,,tm.fig.71,tm.mon.20,Longdol Lama Ngawang Lobzang,Samye,[Longdol Lama Ngawang Lobzang](tm.fig.71)|[Samye](tm.mon.20)|||
273,,,False,,,tm.fig.71,tm.mon.75,Longdol Lama Ngawang Lobzang,Chamdo Jampa Ling,[Longdol Lama Ngawang Lobzang](tm.fig.71)|[Chamdo Jampa Ling](tm.mon.75)|||
274,,,False,,,tm.fig.71,tm.mon.87,Longdol Lama Ngawang Lobzang,Rato,[Longdol Lama Ngawang Lobzang](tm.fig.71)|[Rato](tm.mon.87)|||
275,,,False,,,tm.fig.71,tm.mon.35,Longdol Lama Ngawang Lobzang,Gyuto Dratsang (Upper Tantric College),[Longdol Lama Ngawang Lobzang](tm.fig.71)|[Gyuto Dratsang (Upper Tantric College)](tm.mon.35)|||
276,,,False,,,tm.fig.73,tm.mon.27,Nyo Gyelwa Lhanangpa Sanggye Rinchen,Tsel Gungtang,[Nyo Gyelwa Lhanangpa Sanggye Rinchen](tm.fig.73)|[Tsel Gungtang](tm.mon.27)|||
277,,,False,,,tm.fig.73,tm.mon.6,Nyo Gyelwa Lhanangpa Sanggye Rinchen,Drigung,[Nyo Gyelwa Lhanangpa Sanggye Rinchen](tm.fig.73)|[Drigung](tm.mon.6)|||
278,,,False,,,tm.fig.73,tm.mon.97,Nyo Gyelwa Lhanangpa Sanggye Rinchen,Lhatel Rinchen Ling,[Nyo Gyelwa Lhanangpa Sanggye Rinchen](tm.fig.73)|[Lhatel Rinchen Ling](tm.mon.97)|||
279,,,False,,,tm.fig.73,tm.mon.79,Nyo Gyelwa Lhanangpa Sanggye Rinchen,Kailash,[Nyo Gyelwa Lhanangpa Sanggye Rinchen](tm.fig.73)|[Kailash](tm.mon.79)|||
280,,,False,,,tm.fig.74,tm.mon.10,Gharungwa Lhai Gyeltsen,Jonang,[Gharungwa Lhai Gyeltsen](tm.fig.74)|[Jonang](tm.mon.10)|||
281,,,False,,,tm.fig.74,tm.mon.98,Gharungwa Lhai Gyeltsen,Gharung,[Gharungwa Lhai Gyeltsen](tm.fig.74)|[Gharung](tm.mon.98)|||
282,,,False,,,tm.fig.76,tm.mon.1,Khardo Zopa Gyatso,Sera Me,[Khardo Zopa Gyatso](tm.fig.76)|[Sera Me](tm.mon.1)|||
283,,,False,,,tm.fig.76,tm.mon.37,Khardo Zopa Gyatso,Tashilhunpo,[Khardo Zopa Gyatso](tm.fig.76)|[Tashilhunpo](tm.mon.37)|||
284,,,False,,,tm.fig.76,tm.mon.99,Khardo Zopa Gyatso,Wensa monastery,[Khardo Zopa Gyatso](tm.fig.76)|[Wensa monastery](tm.mon.99)|||
285,,,False,,,tm.fig.78,tm.mon.4,"""The Third Yolmo Tulku, Tenzin Norbu""",Dorje Drak,"""[The Third Yolmo Tulku, Tenzin Norbu](tm.fig.78)|[Dorje Drak](tm.mon.4)|||"""
286,,,False,,,tm.fig.78,tm.mon.50,"""The Third Yolmo Tulku, Tenzin Norbu""",Boudanath,"""[The Third Yolmo Tulku, Tenzin Norbu](tm.fig.78)|[Boudanath](tm.mon.50)|||"""
287,,,False,,,tm.fig.79,tm.mon.7,Khenpo Zhenga Zhenpen Chokyi Nangwa,Dzogchen,[Khenpo Zhenga Zhenpen Chokyi Nangwa](tm.fig.79)|[Dzogchen](tm.mon.7)|||
288,,,False,,,tm.fig.79,tm.mon.15,Khenpo Zhenga Zhenpen Chokyi Nangwa,Shechen,[Khenpo Zhenga Zhenpen Chokyi Nangwa](tm.fig.79)|[Shechen](tm.mon.15)|||
289,,,False,,,tm.fig.79,tm.mon.30,Khenpo Zhenga Zhenpen Chokyi Nangwa,Dzongsar,[Khenpo Zhenga Zhenpen Chokyi Nangwa](tm.fig.79)|[Dzongsar](tm.mon.30)|||
290,,,False,,,tm.fig.79,tm.mon.65,Khenpo Zhenga Zhenpen Chokyi Nangwa,Lhundrubteng,[Khenpo Zhenga Zhenpen Chokyi Nangwa](tm.fig.79)|[Lhundrubteng](tm.mon.65)|||
291,,,False,,,tm.fig.79,tm.mon.91,Khenpo Zhenga Zhenpen Chokyi Nangwa,Khamshe Dargye Ling,[Khenpo Zhenga Zhenpen Chokyi Nangwa](tm.fig.79)|[Khamshe Dargye Ling](tm.mon.91)|||
292,,,False,,,tm.fig.79,tm.mon.17,Khenpo Zhenga Zhenpen Chokyi Nangwa,Pelpung,[Khenpo Zhenga Zhenpen Chokyi Nangwa](tm.fig.79)|[Pelpung](tm.mon.17)|||
293,,,False,,,tm.fig.80,tm.mon.8,"""Tenth Ganden Tripa, Yeshe Zangpo""",Ganden,"""[Tenth Ganden Tripa, Yeshe Zangpo](tm.fig.80)|[Ganden](tm.mon.8)|||"""
294,,,False,,,tm.fig.80,tm.mon.5,"""Tenth Ganden Tripa, Yeshe Zangpo""",Drepung,"""[Tenth Ganden Tripa, Yeshe Zangpo](tm.fig.80)|[Drepung](tm.mon.5)|||"""
295,,,False,,,tm.fig.82,tm.mon.7,"""The Fifth Dzogchen Drubwang, Tubten Chokyi Dorje""",Dzogchen,"""[The Fifth Dzogchen Drubwang, Tubten Chokyi Dorje](tm.fig.82)|[Dzogchen](tm.mon.7)|||"""
296,,,False,,,tm.fig.83,tm.mon.7,"""The First Dodrubchen, Jigme Trinle Wozer""",Dzogchen,"""[The First Dodrubchen, Jigme Trinle Wozer](tm.fig.83)|[Dzogchen](tm.mon.7)|||"""
297,,,False,,,tm.fig.83,tm.mon.52,"""The First Dodrubchen, Jigme Trinle Wozer""",Pelyul,"""[The First Dodrubchen, Jigme Trinle Wozer](tm.fig.83)|[Pelyul](tm.mon.52)|||"""
298,,,False,,,tm.fig.83,tm.mon.66,"""The First Dodrubchen, Jigme Trinle Wozer""",Dodrupchen,"""[The First Dodrubchen, Jigme Trinle Wozer](tm.fig.83)|[Dodrupchen](tm.mon.66)|||"""
299,,,False,,,tm.fig.83,tm.mon.20,"""The First Dodrubchen, Jigme Trinle Wozer""",Samye,"""[The First Dodrubchen, Jigme Trinle Wozer](tm.fig.83)|[Samye](tm.mon.20)|||"""
300,,,False,,,tm.fig.84,tm.mon.6,Menchukhawa Lodro Gyeltsen,Drigung,[Menchukhawa Lodro Gyeltsen](tm.fig.84)|[Drigung](tm.mon.6)|||
301,,,False,,,tm.fig.84,tm.mon.11,Menchukhawa Lodro Gyeltsen,Sangpu,[Menchukhawa Lodro Gyeltsen](tm.fig.84)|[Sangpu](tm.mon.11)|||
302,,,False,,,tm.fig.84,tm.mon.46,Menchukhawa Lodro Gyeltsen,Nyetang Drolma Lhakang,[Menchukhawa Lodro Gyeltsen](tm.fig.84)|[Nyetang Drolma Lhakang](tm.mon.46)|||
303,,,False,,,tm.fig.84,tm.mon.13,Menchukhawa Lodro Gyeltsen,Sakya,[Menchukhawa Lodro Gyeltsen](tm.fig.84)|[Sakya](tm.mon.13)|||
304,,,False,,,tm.fig.85,tm.mon.32,Rigdzin Tsewang Norbu,Katok,[Rigdzin Tsewang Norbu](tm.fig.85)|[Katok](tm.mon.32)|||
305,,,False,,,tm.fig.85,tm.mon.93,Rigdzin Tsewang Norbu,Swayambhunath,[Rigdzin Tsewang Norbu](tm.fig.85)|[Swayambhunath](tm.mon.93)|||
306,,,False,,,tm.fig.85,tm.mon.50,Rigdzin Tsewang Norbu,Boudanath,[Rigdzin Tsewang Norbu](tm.fig.85)|[Boudanath](tm.mon.50)|||
307,,,False,,,tm.fig.86,tm.mon.69,Konchok Sengge,Labrang Tashikhyil,[Konchok Sengge](tm.fig.86)|[Labrang Tashikhyil](tm.mon.69)|||
308,,,False,,,tm.fig.86,tm.mon.5,Konchok Sengge,Drepung,[Konchok Sengge](tm.fig.86)|[Drepung](tm.mon.5)|||
309,,,False,,,tm.fig.87,tm.mon.8,Panchen Sonam Drakpa,Ganden,[Panchen Sonam Drakpa](tm.fig.87)|[Ganden](tm.mon.8)|||
310,,,False,,,tm.fig.87,tm.mon.122,Panchen Sonam Drakpa,Sera,[Panchen Sonam Drakpa](tm.fig.87)|[Sera](tm.mon.122)|||
311,,,False,,,tm.fig.87,tm.mon.5,Panchen Sonam Drakpa,Drepung,[Panchen Sonam Drakpa](tm.fig.87)|[Drepung](tm.mon.5)|||
312,,,False,,,tm.fig.88,tm.mon.6,Drubtob Tsangzhikpa,Drigung,[Drubtob Tsangzhikpa](tm.fig.88)|[Drigung](tm.mon.6)|||
313,,,False,,,tm.fig.89,tm.mon.11,Jonang Lotsawa Lodro Pel,Sangpu,[Jonang Lotsawa Lodro Pel](tm.fig.89)|[Sangpu](tm.mon.11)|||
314,,,False,,,tm.fig.89,tm.mon.68,Jonang Lotsawa Lodro Pel,Drakram,[Jonang Lotsawa Lodro Pel](tm.fig.89)|[Drakram](tm.mon.68)|||
315,,,False,,,tm.fig.90,tm.mon.122,Drubkhang Gelek Gyatso,Sera,[Drubkhang Gelek Gyatso](tm.fig.90)|[Sera](tm.mon.122)|||
316,,,False,,,tm.fig.90,tm.mon.37,Drubkhang Gelek Gyatso,Tashilhunpo,[Drubkhang Gelek Gyatso](tm.fig.90)|[Tashilhunpo](tm.mon.37)|||
317,,,False,,,tm.fig.90,tm.mon.63,Drubkhang Gelek Gyatso,Purbuchok,[Drubkhang Gelek Gyatso](tm.fig.90)|[Purbuchok](tm.mon.63)|||
318,,,False,,,tm.fig.91,tm.mon.13,Pakpa Lodro Gyeltsen,Sakya,[Pakpa Lodro Gyeltsen](tm.fig.91)|[Sakya](tm.mon.13)|||
319,,,False,,,tm.fig.91,tm.mon.100,Pakpa Lodro Gyeltsen,Langna,[Pakpa Lodro Gyeltsen](tm.fig.91)|[Langna](tm.mon.100)|||
320,,,False,,,tm.fig.91,tm.mon.86,Pakpa Lodro Gyeltsen,Jyekundo Dondrub Ling,[Pakpa Lodro Gyeltsen](tm.fig.91)|[Jyekundo Dondrub Ling](tm.mon.86)|||
321,,,False,,,tm.fig.92,tm.mon.4,"""The Third Dorje Drak Rigdzin, Ngakgi Wangpo""",Dorje Drak,"""[The Third Dorje Drak Rigdzin, Ngakgi Wangpo](tm.fig.92)|[Dorje Drak](tm.mon.4)|||"""
322,,,False,,,tm.fig.92,tm.mon.20,"""The Third Dorje Drak Rigdzin, Ngakgi Wangpo""",Samye,"""[The Third Dorje Drak Rigdzin, Ngakgi Wangpo](tm.fig.92)|[Samye](tm.mon.20)|||"""
323,,,False,,,tm.fig.93,tm.mon.23,Gaton Ngawang Lekpa,Ngor,[Gaton Ngawang Lekpa](tm.fig.93)|[Ngor](tm.mon.23)|||
325,,,False,,,tm.fig.93,tm.mon.30,Gaton Ngawang Lekpa,Dzongsar,[Gaton Ngawang Lekpa](tm.fig.93)|[Dzongsar](tm.mon.30)|||
326,,,False,,,tm.fig.93,tm.mon.86,Gaton Ngawang Lekpa,Jyekundo Dondrub Ling,[Gaton Ngawang Lekpa](tm.fig.93)|[Jyekundo Dondrub Ling](tm.mon.86)|||
327,,,False,,,tm.fig.93,tm.mon.13,Gaton Ngawang Lekpa,Sakya,[Gaton Ngawang Lekpa](tm.fig.93)|[Sakya](tm.mon.13)|||
328,,,False,,,tm.fig.94,tm.mon.8,"""Thirteenth Ganden Tripa, Chokyi Shenyen""",Ganden,"""[Thirteenth Ganden Tripa, Chokyi Shenyen](tm.fig.94)|[Ganden](tm.mon.8)|||"""
329,,,False,,,tm.fig.94,tm.mon.5,"""Thirteenth Ganden Tripa, Chokyi Shenyen""",Drepung,"""[Thirteenth Ganden Tripa, Chokyi Shenyen](tm.fig.94)|[Drepung](tm.mon.5)|||"""
330,,,False,,,tm.fig.94,tm.mon.37,"""Thirteenth Ganden Tripa, Chokyi Shenyen""",Tashilhunpo,"""[Thirteenth Ganden Tripa, Chokyi Shenyen](tm.fig.94)|[Tashilhunpo](tm.mon.37)|||"""
331,,,False,,,tm.fig.96,tm.mon.32,Khenpo Ngawang Pelzang,Katok,[Khenpo Ngawang Pelzang](tm.fig.96)|[Katok](tm.mon.32)|||
332,,,False,,,tm.fig.96,tm.mon.7,Khenpo Ngawang Pelzang,Dzogchen,[Khenpo Ngawang Pelzang](tm.fig.96)|[Dzogchen](tm.mon.7)|||
333,,,False,,,tm.fig.96,tm.mon.15,Khenpo Ngawang Pelzang,Shechen,[Khenpo Ngawang Pelzang](tm.fig.96)|[Shechen](tm.mon.15)|||
334,,,False,,,tm.fig.96,tm.mon.52,Khenpo Ngawang Pelzang,Pelyul,[Khenpo Ngawang Pelzang](tm.fig.96)|[Pelyul](tm.mon.52)|||
335,,,False,,,tm.fig.97,tm.mon.7,"""The Second Zhechen Rabjam, Gyurme Kunzang Namgyel""",Dzogchen,"""[The Second Zhechen Rabjam, Gyurme Kunzang Namgyel](tm.fig.97)|[Dzogchen](tm.mon.7)|||"""
336,,,False,,,tm.fig.97,tm.mon.15,"""The Second Zhechen Rabjam, Gyurme Kunzang Namgyel""",Shechen,"""[The Second Zhechen Rabjam, Gyurme Kunzang Namgyel](tm.fig.97)|[Shechen](tm.mon.15)|||"""
337,,,False,,,tm.fig.98,tm.mon.32,Pema Dechen Lingpa,Katok,[Pema Dechen Lingpa](tm.fig.98)|[Katok](tm.mon.32)|||
338,,,False,,,tm.fig.100,tm.mon.122,"""Second Dalai Lama, Gendun Gyatso""",Sera,"""[Second Dalai Lama, Gendun Gyatso](tm.fig.100)|[Sera](tm.mon.122)|||"""
339,,,False,,,tm.fig.100,tm.mon.5,"""Second Dalai Lama, Gendun Gyatso""",Drepung,"""[Second Dalai Lama, Gendun Gyatso](tm.fig.100)|[Drepung](tm.mon.5)|||"""
340,,,False,,,tm.fig.100,tm.mon.37,"""Second Dalai Lama, Gendun Gyatso""",Tashilhunpo,"""[Second Dalai Lama, Gendun Gyatso](tm.fig.100)|[Tashilhunpo](tm.mon.37)|||"""
341,,,False,,,tm.fig.101,tm.mon.46,Atisha,Nyetang Drolma Lhakang,[Atisha](tm.fig.101)|[Nyetang Drolma Lhakang](tm.mon.46)|||
342,,,False,,,tm.fig.101,tm.mon.20,Atisha,Samye,[Atisha](tm.fig.101)|[Samye](tm.mon.20)|||
343,,,False,,,tm.fig.101,tm.mon.88,Atisha,Meru Dratsang,[Atisha](tm.fig.101)|[Meru Dratsang](tm.mon.88)|||
344,,,False,,,tm.fig.102,tm.mon.101,Machik Labdron,Dingri Langkhor,[Machik Labdron](tm.fig.102)|[Dingri Langkhor](tm.mon.101)|||
345,,,False,,,tm.fig.102,tm.mon.102,Machik Labdron,Zangri Kangmar,[Machik Labdron](tm.fig.102)|[Zangri Kangmar](tm.mon.102)|||
346,,,False,,,tm.fig.103,tm.mon.29,Milarepa,Sekhar Gutok,[Milarepa](tm.fig.103)|[Sekhar Gutok](tm.mon.29)|||
347,,,False,,,tm.fig.103,tm.mon.79,Milarepa,Kailash,[Milarepa](tm.fig.103)|[Kailash](tm.mon.79)|||
348,,,False,,,tm.fig.104,tm.mon.13,"""The First Samding Dorje Phakmo, Chokyi Dronma""",Sakya,"""[The First Samding Dorje Phakmo, Chokyi Dronma](tm.fig.104)|[Sakya](tm.mon.13)|||"""
349,,,False,,,tm.fig.104,tm.mon.103,"""The First Samding Dorje Phakmo, Chokyi Dronma""",Porong Pelmo Choding,"""[The First Samding Dorje Phakmo, Chokyi Dronma](tm.fig.104)|[Porong Pelmo Choding](tm.mon.103)|||"""
350,,,False,,,tm.fig.104,tm.mon.104,"""The First Samding Dorje Phakmo, Chokyi Dronma""",Chakzam Chuwori,"""[The First Samding Dorje Phakmo, Chokyi Dronma](tm.fig.104)|[Chakzam Chuwori](tm.mon.104)|||"""
351,,,False,,,tm.fig.104,tm.mon.106,"""The First Samding Dorje Phakmo, Chokyi Dronma""",Tsibri,"""[The First Samding Dorje Phakmo, Chokyi Dronma](tm.fig.104)|[Tsibri](tm.mon.106)|||"""
352,,,False,,,tm.fig.104,tm.mon.105,"""The First Samding Dorje Phakmo, Chokyi Dronma""",Samding,"""[The First Samding Dorje Phakmo, Chokyi Dronma](tm.fig.104)|[Samding](tm.mon.105)|||"""
353,,,False,,,tm.fig.105,tm.mon.13,Sachen Kunga Nyingpo,Sakya,[Sachen Kunga Nyingpo](tm.fig.105)|[Sakya](tm.mon.13)|||
354,,,False,,,tm.fig.106,tm.mon.20,Yeshe Tsogyel,Samye,[Yeshe Tsogyel](tm.fig.106)|[Samye](tm.mon.20)|||
355,,,False,,,tm.fig.106,tm.mon.90,Yeshe Tsogyel,Drak Yongdzong,[Yeshe Tsogyel](tm.fig.106)|[Drak Yongdzong](tm.mon.90)|||
356,,,False,,,tm.fig.106,tm.mon.107,Yeshe Tsogyel,Samye Chimpu,[Yeshe Tsogyel](tm.fig.106)|[Samye Chimpu](tm.mon.107)|||
357,,,False,,,tm.fig.106,tm.mon.108,Yeshe Tsogyel,Paro Taktsang,[Yeshe Tsogyel](tm.fig.106)|[Paro Taktsang](tm.mon.108)|||
358,,,False,,,tm.fig.107,tm.mon.109,Gelongma Pelmo,Bodhgaya,[Gelongma Pelmo](tm.fig.107)|[Bodhgaya](tm.mon.109)|||
359,,,False,,,tm.fig.108,tm.mon.111,Machik Zhama,Kharta Tarpaling,[Machik Zhama](tm.fig.108)|[Kharta Tarpaling](tm.mon.111)|||
360,,,False,,,tm.fig.109,tm.mon.112,Sonam Peldren,Ya Nga Chamda Ganden Khacho Ling,[Sonam Peldren](tm.fig.109)|[Ya Nga Chamda Ganden Khacho Ling](tm.mon.112)|||
361,,,False,,,tm.fig.110,tm.mon.113,Kunzang Chokyi Drolma,Shukchung Monastery,[Kunzang Chokyi Drolma](tm.fig.110)|[Shukchung Monastery](tm.mon.113)|||
362,,,False,,,tm.fig.111,tm.mon.10,Jetsunma Kung Trinle Wangmo,Jonang,[Jetsunma Kung Trinle Wangmo](tm.fig.111)|[Jonang](tm.mon.10)|||
363,,,False,,,tm.fig.111,tm.mon.114,Jetsunma Kung Trinle Wangmo,Takten Punstok Ling,[Jetsunma Kung Trinle Wangmo](tm.fig.111)|[Takten Punstok Ling](tm.mon.114)|||
364,,,False,,,tm.fig.112,tm.mon.39,Mingyur Peldron,Mindroling,[Mingyur Peldron](tm.fig.112)|[Mindroling](tm.mon.39)|||
365,,,False,,,tm.fig.113,tm.mon.7,Tsering Wangmo,Dzogchen,[Tsering Wangmo](tm.fig.113)|[Dzogchen](tm.mon.7)|||
366,,,False,,,tm.fig.113,tm.mon.115,Tsering Wangmo,Drakkar Tashiding,[Tsering Wangmo](tm.fig.113)|[Drakkar Tashiding](tm.mon.115)|||
367,,,False,,,tm.fig.114,tm.mon.12,Khendro Tsering Chodron,Tsurphu,[Khendro Tsering Chodron](tm.fig.114)|[Tsurphu](tm.mon.12)|||
368,,,False,,,tm.fig.114,tm.mon.20,Khendro Tsering Chodron,Samye,[Khendro Tsering Chodron](tm.fig.114)|[Samye](tm.mon.20)|||
369,,,False,,,tm.fig.114,tm.mon.30,Khendro Tsering Chodron,Dzongsar,[Khendro Tsering Chodron](tm.fig.114)|[Dzongsar](tm.mon.30)|||
370,,,False,,,tm.fig.114,tm.mon.13,Khendro Tsering Chodron,Sakya,[Khendro Tsering Chodron](tm.fig.114)|[Sakya](tm.mon.13)|||
371,,,False,,,tm.fig.114,tm.mon.109,Khendro Tsering Chodron,Bodhgaya,[Khendro Tsering Chodron](tm.fig.114)|[Bodhgaya](tm.mon.109)|||
372,,,False,,,tm.fig.114,tm.mon.116,Khendro Tsering Chodron,Yamdrok Lake,[Khendro Tsering Chodron](tm.fig.114)|[Yamdrok Lake](tm.mon.116)|||
373,,,False,,,tm.fig.114,tm.mon.117,Khendro Tsering Chodron,Lerab Ling,[Khendro Tsering Chodron](tm.fig.114)|[Lerab Ling](tm.mon.117)|||
374,,,False,,,tm.fig.114,tm.mon.118,Khendro Tsering Chodron,Khyungtak,[Khendro Tsering Chodron](tm.fig.114)|[Khyungtak](tm.mon.118)|||
375,,,False,,,tm.fig.115,tm.mon.119,Ani Trinle Chodron,Taser,[Ani Trinle Chodron](tm.fig.115)|[Taser](tm.mon.119)|||
376,,,False,,,tm.fig.115,tm.mon.120,Ani Trinle Chodron,Ru Gonsar,[Ani Trinle Chodron](tm.fig.115)|[Ru Gonsar](tm.mon.120)|||
377,,,False,,,,,,,
